date,spread,zscore,position,beta,mu,theta,half_life,weight_a,weight_b,gross_return,turnover,cost,net_return
2023-01-02,0.05077238306509102,0.4950556860602155,0.0,1.3958320403837408,0.030561011303292612,0.05559879734232874,12.466945576037402,0.0,-0.0,-0.0,0.0,0.0,-0.0
2023-01-03,0.02862618227518343,-0.04739154388967516,0.0,1.3958320403837408,0.030561011303292612,0.05559879734232874,12.466945576037402,0.0,-0.0,-0.0,0.0,0.0,-0.0
2023-01-04,0.008841968633280572,-0.5319844539150261,0.0,1.3958320403837408,0.030561011303292612,0.05559879734232874,12.466945576037402,0.0,-0.0,0.0,0.0,0.0,0.0
2023-01-05,-0.002861391515313727,-0.8186455997222122,0.0,1.3958320403837408,0.030561011303292612,0.05559879734232874,12.466945576037402,0.0,-0.0,0.0,0.0,0.0,0.0
2023-01-06,0.021483813793786055,-0.22233613302123523,0.0,1.3958320403837408,0.030561011303292612,0.05559879734232874,12.466945576037402,0.0,-0.0,0.0,0.0,0.0,0.0
2023-01-09,-0.000336534345667161,-0.7568019548150435,0.0,1.3958320403837408,0.030561011303292612,0.05559879734232874,12.466945576037402,0.0,-0.0,0.0,0.0,0.0,0.0
2023-01-10,0.003888975032444897,-0.6533026738761329,0.0,1.3958320403837408,0.030561011303292612,0.05559879734232874,12.466945576037402,0.0,-0.0,0.0,0.0,0.0,0.0
2023-01-11,-0.012942240137246763,-1.0655650809636068,0.0,1.3958320403837408,0.030561011303292612,0.05559879734232874,12.466945576037402,0.0,-0.0,0.0,0.0,0.0,0.0
2023-01-12,-0.00897460027205721,-0.9683820347730547,0.0,1.3958320403837408,0.030561011303292612,0.05559879734232874,12.466945576037402,0.0,-0.0,0.0,0.0,0.0,0.0
2023-01-13,-0.010254532152752738,-0.9997325815234592,0.0,1.3958320403837408,0.030561011303292612,0.05559879734232874,12.466945576037402,0.0,-0.0,0.0,0.0,0.0,0.0
2023-01-16,-0.010346651944280971,-1.0019889561590953,0.0,1.3958320403837408,0.030561011303292612,0.05559879734232874,12.466945576037402,0.0,-0.0,0.0,0.0,0.0,0.0
2023-01-17,-0.019656477535187733,-1.230023062370459,0.0,1.3958320403837408,0.030561011303292612,0.05559879734232874,12.466945576037402,0.0,-0.0,0.0,0.0,0.0,0.0
2023-01-18,-0.02061579109722267,-1.2535204102594188,0.0,1.3958320403837408,0.030561011303292612,0.05559879734232874,12.466945576037402,0.0,-0.0,0.0,0.0,0.0,0.0
2023-01-19,-0.017854798441630848,-1.1858928820822021,0.0,1.3958320403837408,0.030561011303292612,0.05559879734232874,12.466945576037402,0.0,-0.0,0.0,0.0,0.0,0.0
2023-01-20,-0.022423284925317866,-1.2977930161796443,0.0,1.3958320403837408,0.030561011303292612,0.05559879734232874,12.466945576037402,0.0,-0.0,0.0,0.0,0.0,0.0
2023-01-23,-0.029149822414292537,-1.462552275009774,0.0,1.3958320403837408,0.030561011303292612,0.05559879734232874,12.466945576037402,0.0,-0.0,0.0,0.0,0.0,0.0
2023-01-24,-0.03535366734369383,-1.6145087450570432,0.0,1.3958320403837408,0.030561011303292612,0.05559879734232874,12.466945576037402,0.0,-0.0,0.0,0.0,0.0,0.0
2023-01-25,-0.03844190033963191,-1.6901516713530012,0.0,1.3958320403837408,0.030561011303292612,0.05559879734232874,12.466945576037402,0.0,-0.0,0.0,0.0,0.0,0.0
2023-01-27,-0.04638820418118961,-1.8847877874112233,0.0,1.3958320403837408,0.030561011303292612,0.05559879734232874,12.466945576037402,0.0,-0.0,0.0,0.0,0.0,0.0
2023-01-30,-0.04275381868470962,-1.7957674464580222,0.0,1.3958320403837408,0.030561011303292612,0.05559879734232874,12.466945576037402,0.0,-0.0,0.0,0.0,0.0,0.0
2023-01-31,-0.015234993245202055,-1.1217235879765175,0.0,1.3958320403837408,0.030561011303292612,0.05559879734232874,12.466945576037402,0.0,-0.0,0.0,0.0,0.0,0.0
2023-02-01,-0.024469600340387032,-1.3081461838792894,0.0,1.3958320403837408,0.031509944308150885,0.049266785686798105,14.06925925645858,0.0,-0.0,0.0,0.0,0.0,0.0
2023-02-02,-0.024793408177777643,-1.3157130190411719,0.0,1.3958320403837408,0.031509944308150885,0.049266785686798105,14.06925925645858,0.0,-0.0,0.0,0.0,0.0,0.0
2023-02-03,-0.0237664063567955,-1.2917137435667159,0.0,1.3958320403837408,0.031509944308150885,0.049266785686798105,14.06925925645858,0.0,-0.0,0.0,0.0,0.0,0.0
2023-02-06,-0.033427266589346694,-1.5174715185816487,0.0,1.3958320403837408,0.031509944308150885,0.049266785686798105,14.06925925645858,0.0,-0.0,-0.0,0.0,0.0,-0.0
2023-02-07,-0.04325821413830688,-1.7472039431812407,0.0,1.3958320403837408,0.031509944308150885,0.049266785686798105,14.06925925645858,0.0,-0.0,0.0,0.0,0.0,0.0
2023-02-08,-0.044416388475267965,-1.774268495933049,0.0,1.3958320403837408,0.031509944308150885,0.049266785686798105,14.06925925645858,0.0,-0.0,0.0,0.0,0.0,0.0
2023-02-09,-0.03609626394172771,-1.5798414203595539,0.0,1.3958320403837408,0.031509944308150885,0.049266785686798105,14.06925925645858,0.0,-0.0,0.0,0.0,0.0,0.0
2023-02-10,-0.04003393882472572,-1.6718581454667616,0.0,1.3958320403837408,0.031509944308150885,0.049266785686798105,14.06925925645858,0.0,-0.0,0.0,0.0,0.0,0.0
2023-02-13,-0.04398494840458955,-1.7641864796255922,0.0,1.3958320403837408,0.031509944308150885,0.049266785686798105,14.06925925645858,0.0,-0.0,0.0,0.0,0.0,0.0
2023-02-14,-0.034735668004249654,-1.5480466211237214,0.0,1.3958320403837408,0.031509944308150885,0.049266785686798105,14.06925925645858,0.0,-0.0,0.0,0.0,0.0,0.0
2023-02-15,-0.04052482407550695,-1.683329293929361,0.0,1.3958320403837408,0.031509944308150885,0.049266785686798105,14.06925925645858,0.0,-0.0,0.0,0.0,0.0,0.0
2023-02-16,-0.05230489089425561,-1.9586093011452035,0.0,1.3958320403837408,0.031509944308150885,0.049266785686798105,14.06925925645858,0.0,-0.0,0.0,0.0,0.0,0.0
2023-02-17,-0.041103266765650126,-1.6968465099491492,0.0,1.3958320403837408,0.031509944308150885,0.049266785686798105,14.06925925645858,0.0,-0.0,0.0,0.0,0.0,0.0
2023-02-20,-0.03012402826354421,-1.4402804903681818,0.0,1.3958320403837408,0.031509944308150885,0.049266785686798105,14.06925925645858,0.0,-0.0,0.0,0.0,0.0,0.0
2023-02-21,-0.023683632388715736,-1.289779457549423,0.0,1.3958320403837408,0.031509944308150885,0.049266785686798105,14.06925925645858,0.0,-0.0,0.0,0.0,0.0,0.0
2023-02-22,-0.014807116752741933,-1.0823504738331853,0.0,1.3958320403837408,0.031509944308150885,0.049266785686798105,14.06925925645858,0.0,-0.0,-0.0,0.0,0.0,-0.0
2023-02-23,-0.026957715923853875,-1.3662891881855552,0.0,1.3958320403837408,0.031509944308150885,0.049266785686798105,14.06925925645858,0.0,-0.0,0.0,0.0,0.0,0.0
2023-02-24,-0.02152060929306643,-1.239233308487628,0.0,1.3958320403837408,0.031509944308150885,0.049266785686798105,14.06925925645858,0.0,-0.0,0.0,0.0,0.0,0.0
2023-02-27,-0.020101439302294466,-1.2060697338397797,0.0,1.3958320403837408,0.031509944308150885,0.049266785686798105,14.06925925645858,0.0,-0.0,0.0,0.0,0.0,0.0
2023-02-28,-0.026634804010003954,-1.3587432892239963,0.0,1.3958320403837408,0.031509944308150885,0.049266785686798105,14.06925925645858,0.0,-0.0,0.0,0.0,0.0,0.0
2023-03-01,-0.05129845917814446,-1.9350907138285012,0.0,1.3958320403837408,0.031509944308150885,0.049266785686798105,14.06925925645858,0.0,-0.0,0.0,0.0,0.0,0.0
2023-03-02,-0.04065987832614226,-1.2279701218076682,0.0,1.3958320403837408,0.01810269451481183,0.03212236459425561,21.578336131702446,0.0,-0.0,0.0,0.0,0.0,0.0
2023-03-03,-0.04448702556762196,-1.3079465802417747,0.0,1.3958320403837408,0.01810269451481183,0.03212236459425561,21.578336131702446,0.0,-0.0,0.0,0.0,0.0,0.0
2023-03-06,-0.03798586727265185,-1.1720909197863913,0.0,1.3958320403837408,0.01810269451481183,0.03212236459425561,21.578336131702446,0.0,-0.0,-0.0,0.0,0.0,-0.0
2023-03-08,-0.05547673546676446,-1.5376001633142247,0.0,1.3958320403837408,0.01810269451481183,0.03212236459425561,21.578336131702446,0.0,-0.0,0.0,0.0,0.0,0.0
2023-03-09,-0.04152845222358614,-1.2461208382089042,0.0,1.3958320403837408,0.01810269451481183,0.03212236459425561,21.578336131702446,0.0,-0.0,0.0,0.0,0.0,0.0
2023-03-10,-0.0450751610564426,-1.3202369339980886,0.0,1.3958320403837408,0.01810269451481183,0.03212236459425561,21.578336131702446,0.0,-0.0,0.0,0.0,0.0,0.0
2023-03-13,-0.04944979496136881,-1.4116543017099439,0.0,1.3958320403837408,0.01810269451481183,0.03212236459425561,21.578336131702446,0.0,-0.0,0.0,0.0,0.0,0.0
2023-03-14,-0.03123727060967063,-1.0310645033852317,0.0,1.3958320403837408,0.01810269451481183,0.03212236459425561,21.578336131702446,0.0,-0.0,0.0,0.0,0.0,0.0
2023-03-15,-0.024497860832588536,-0.8902300666890299,0.0,1.3958320403837408,0.01810269451481183,0.03212236459425561,21.578336131702446,0.0,-0.0,0.0,0.0,0.0,0.0
2023-03-16,-0.029433523492769176,-0.9933713347616138,0.0,1.3958320403837408,0.01810269451481183,0.03212236459425561,21.578336131702446,0.0,-0.0,0.0,0.0,0.0,0.0
2023-03-17,-0.015179851497790331,-0.6955102560226977,0.0,1.3958320403837408,0.01810269451481183,0.03212236459425561,21.578336131702446,0.0,-0.0,0.0,0.0,0.0,0.0
2023-03-20,-0.011358306800617335,-0.6156508747804521,0.0,1.3958320403837408,0.01810269451481183,0.03212236459425561,21.578336131702446,0.0,-0.0,0.0,0.0,0.0,0.0
2023-03-21,-0.004008938925782246,-0.4620700540615056,0.0,1.3958320403837408,0.01810269451481183,0.03212236459425561,21.578336131702446,0.0,-0.0,-0.0,0.0,0.0,-0.0
2023-03-22,-0.01610808312292278,-0.7149076487281651,0.0,1.3958320403837408,0.01810269451481183,0.03212236459425561,21.578336131702446,0.0,-0.0,0.0,0.0,0.0,0.0
2023-03-23,-0.02400091204766852,-0.8798452548871019,0.0,1.3958320403837408,0.01810269451481183,0.03212236459425561,21.578336131702446,0.0,-0.0,0.0,0.0,0.0,0.0
2023-03-24,-0.017717899817110805,-0.7485482248036968,0.0,1.3958320403837408,0.01810269451481183,0.03212236459425561,21.578336131702446,0.0,-0.0,0.0,0.0,0.0,0.0
2023-03-27,-0.012529235185035681,-0.6401199373372254,0.0,1.3958320403837408,0.01810269451481183,0.03212236459425561,21.578336131702446,0.0,-0.0,0.0,0.0,0.0,0.0
2023-03-28,-0.01787064702494323,-0.7517402056571465,0.0,1.3958320403837408,0.01810269451481183,0.03212236459425561,21.578336131702446,0.0,-0.0,0.0,0.0,0.0,0.0
2023-03-29,-0.02382608402377695,-0.8761918479749404,0.0,1.3958320403837408,0.01810269451481183,0.03212236459425561,21.578336131702446,0.0,-0.0,0.0,0.0,0.0,0.0
2023-03-31,-0.02171933064021836,-0.8321667128599554,0.0,1.3958320403837408,0.01810269451481183,0.03212236459425561,21.578336131702446,0.0,-0.0,0.0,0.0,0.0,0.0
2023-04-03,-0.031196031931614243,-1.0302027326684668,0.0,1.3958320403837408,0.01810269451481183,0.03212236459425561,21.578336131702446,0.0,-0.0,0.0,0.0,0.0,0.0
2023-04-05,-0.03948809545197385,-1.1245784213580097,0.0,1.3958320403837408,0.009393146971759254,0.037073670207014076,18.696481267959456,0.0,-0.0,0.0,0.0,0.0,0.0
2023-04-06,-0.0323942183802437,-0.9613742824476466,0.0,1.3958320403837408,0.009393146971759254,0.037073670207014076,18.696481267959456,0.0,-0.0,0.0,0.0,0.0,0.0
2023-04-10,-0.04677781595628705,-1.2922882006188858,0.0,1.3958320403837408,0.009393146971759254,0.037073670207014076,18.696481267959456,0.0,-0.0,0.0,0.0,0.0,0.0
2023-04-11,-0.040539357727783276,-1.1487641173825647,0.0,1.3958320403837408,0.009393146971759254,0.037073670207014076,18.696481267959456,0.0,-0.0,0.0,0.0,0.0,0.0
2023-04-12,-0.03695357772258312,-1.0662684479266011,0.0,1.3958320403837408,0.009393146971759254,0.037073670207014076,18.696481267959456,0.0,-0.0,0.0,0.0,0.0,0.0
2023-04-13,-0.04178834927721464,-1.177498840055388,0.0,1.3958320403837408,0.009393146971759254,0.037073670207014076,18.696481267959456,0.0,-0.0,0.0,0.0,0.0,0.0
2023-04-17,-0.11898397723095844,-2.9534876062045012,1.0,1.3958320403837408,0.009393146971759254,0.037073670207014076,18.696481267959456,0.41739152959980863,-0.5826084704001914,0.001972074532912096,1.0,0.0007,0.0012720745329120957
2023-04-18,-0.11425413454777633,-2.8446712432361547,1.0,1.3958320403837408,0.009393146971759254,0.037073670207014076,18.696481267959456,0.41739152959980863,-0.5826084704001914,-0.0013408394606795413,0.0,0.0,-0.0013408394606795413
2023-04-19,-0.11758071065025444,-2.9212035799026994,1.0,1.3958320403837408,0.009393146971759254,0.037073670207014076,18.696481267959456,0.41739152959980863,-0.5826084704001914,-0.005847046711251606,0.0,0.0,-0.005847046711251606
2023-04-20,-0.13159804040159528,-3.243691016428329,1.0,1.3958320403837408,0.009393146971759254,0.037073670207014076,18.696481267959456,0.41739152959980863,-0.5826084704001914,-0.009169960632408181,0.0,0.0,-0.009169960632408181
2023-04-21,-0.15334817765806186,-3.7440820418479563,0.0,1.3958320403837408,0.009393146971759254,0.037073670207014076,18.696481267959456,0.0,-0.0,-0.0,1.0,0.0007,-0.0007
2023-04-24,-0.16035080470830998,-3.9051868518538373,1.0,1.3958320403837408,0.009393146971759254,0.037073670207014076,18.696481267959456,0.41739152959980863,-0.5826084704001914,-0.000696863262389079,1.0,0.0007,-0.0013968632623890791
2023-04-25,-0.16202092434769888,-3.943610190018235,0.0,1.3958320403837408,0.009393146971759254,0.037073670207014076,18.696481267959456,0.0,-0.0,0.0,1.0,0.0007,-0.0007
2023-04-26,-0.16956077077539433,-4.11707445100074,1.0,1.3958320403837408,0.009393146971759254,0.037073670207014076,18.696481267959456,0.41739152959980863,-0.5826084704001914,0.008216458261132886,1.0,0.0007,0.0075164582611328854
2023-04-27,-0.1499832668728498,-3.666667764484846,0.0,1.3958320403837408,0.009393146971759254,0.037073670207014076,18.696481267959456,0.0,-0.0,0.0,1.0,0.0007,-0.0007
2023-04-28,-0.15841884971555853,-3.8607396408552015,1.0,1.3958320403837408,0.009393146971759254,0.037073670207014076,18.696481267959456,0.41739152959980863,-0.5826084704001914,0.008202537430211633,1.0,0.0007,0.007502537430211633
2023-05-02,-0.1389588016455825,-3.413035183010668,1.0,1.3958320403837408,0.009393146971759254,0.037073670207014076,18.696481267959456,0.41739152959980863,-0.5826084704001914,0.00443617161878891,0.0,0.0,0.00443617161878891
2023-05-03,-0.1282457532329193,-3.166567162263404,1.0,1.3958320403837408,0.009393146971759254,0.037073670207014076,18.696481267959456,0.41739152959980863,-0.5826084704001914,-0.006028036400366763,0.0,0.0,-0.006028036400366763
2023-05-04,-0.14257999490064677,-3.496345581688981,1.0,1.3958320403837408,0.009393146971759254,0.037073670207014076,18.696481267959456,0.41739152959980863,-0.5826084704001914,-0.006544903834163772,0.0,0.0,-0.006544903834163772
2023-05-05,-0.15831863192801876,-3.8584339964870304,0.0,1.3958320403837408,0.009393146971759254,0.037073670207014076,18.696481267959456,0.0,-0.0,0.0,1.0,0.0007,-0.0007
2023-05-08,-0.16174102675348134,-3.937170771152436,1.0,1.3958320403837408,0.009393146971759254,0.037073670207014076,18.696481267959456,0.41739152959980863,-0.5826084704001914,-0.004169867934674101,1.0,0.0007,-0.004869867934674101
2023-05-09,-0.1716694848341378,-1.2999912954677717,1.0,1.3958320403837408,-0.0420628120994279,0.007636325693651539,90.76972465124075,0.41739152959980863,-0.5826084704001914,-0.0030769511885473484,0.0,0.0,-0.0030769511885473484
2023-05-10,-0.1790577826313866,-1.374097995547998,1.0,1.3958320403837408,-0.0420628120994279,0.007636325693651539,90.76972465124075,0.41739152959980863,-0.5826084704001914,-0.0015382042532124,0.0,0.0,-0.0015382042532124
2023-05-11,-0.1827577425917104,-1.4112096321675534,1.0,1.3958320403837408,-0.0420628120994279,0.007636325693651539,90.76972465124075,0.41739152959980863,-0.5826084704001914,-0.0022286938889789177,0.0,0.0,-0.0022286938889789177
2023-05-12,-0.1881311911660859,-1.465106829170907,1.0,1.3958320403837408,-0.0420628120994279,0.007636325693651539,90.76972465124075,0.41739152959980863,-0.5826084704001914,0.007833230749470536,0.0,0.0,0.007833230749470536
2023-05-15,-0.16939524072851952,-1.2771799889301503,1.0,1.3958320403837408,-0.0420628120994279,0.007636325693651539,90.76972465124075,0.41739152959980863,-0.5826084704001914,0.0014187099524609766,0.0,0.0,0.0014187099524609766
2023-05-16,-0.1660067615196228,-1.2431925916496431,1.0,1.3958320403837408,-0.0420628120994279,0.007636325693651539,90.76972465124075,0.41739152959980863,-0.5826084704001914,0.003098044943851362,0.0,0.0,0.003098044943851362
2023-05-17,-0.15851753734234908,-1.1680735716575865,1.0,1.3958320403837408,-0.0420628120994279,0.007636325693651539,90.76972465124075,0.41739152959980863,-0.5826084704001914,0.0013056852649774308,0.0,0.0,0.0013056852649774308
2023-05-18,-0.15538427643725505,-1.1366460855790796,1.0,1.3958320403837408,-0.0420628120994279,0.007636325693651539,90.76972465124075,0.41739152959980863,-0.5826084704001914,0.003483424035364971,0.0,0.0,0.003483424035364971
2023-05-19,-0.14716953860305626,-1.054249960027218,1.0,1.3958320403837408,-0.0420628120994279,0.007636325693651539,90.76972465124075,0.41739152959980863,-0.5826084704001914,-0.005849939234908055,0.0,0.0,-0.005849939234908055
2023-05-22,-0.16097958821414782,-1.1927686327590203,1.0,1.3958320403837408,-0.0420628120994279,0.007636325693651539,90.76972465124075,0.41739152959980863,-0.5826084704001914,0.0026319873062456743,0.0,0.0,0.0026319873062456743
2023-05-23,-0.15468927975029612,-1.129675073791169,1.0,1.3958320403837408,-0.0420628120994279,0.007636325693651539,90.76972465124075,0.41739152959980863,-0.5826084704001914,-0.001562731784485929,0.0,0.0,-0.001562731784485929
2023-05-24,-0.1584313584181949,-1.1672091728663103,1.0,1.3958320403837408,-0.0420628120994279,0.007636325693651539,90.76972465124075,0.41739152959980863,-0.5826084704001914,0.003569281136049385,0.0,0.0,0.003569281136049385
2023-05-25,-0.1498833475913992,-1.0814702256815125,1.0,1.3958320403837408,-0.0420628120994279,0.007636325693651539,90.76972465124075,0.41739152959980863,-0.5826084704001914,-0.00207017649897714,0.0,0.0,-0.00207017649897714
2023-05-26,-0.15481318446203574,-1.1309178728178721,1.0,1.3958320403837408,-0.0420628120994279,0.007636325693651539,90.76972465124075,0.41739152959980863,-0.5826084704001914,0.0005300894355101614,0.0,0.0,0.0005300894355101614
2023-05-29,-0.15354125129635054,-1.1181600262585978,1.0,1.3958320403837408,-0.0420628120994279,0.007636325693651539,90.76972465124075,0.41739152959980863,-0.5826084704001914,0.0037290743073336782,0.0,0.0,0.0037290743073336782
2023-05-30,-0.14463164638576576,-1.028794188949241,1.0,1.3958320403837408,-0.0420628120994279,0.007636325693651539,90.76972465124075,0.41739152959980863,-0.5826084704001914,0.002940840751011077,0.0,0.0,0.002940840751011077
2023-05-31,-0.1375492136734291,-0.9577554014971492,1.0,1.3958320403837408,-0.0420628120994279,0.007636325693651539,90.76972465124075,0.41739152959980863,-0.5826084704001914,-0.005730270678871248,0.0,0.0,-0.005730270678871248
2023-06-01,-0.15120216045120216,-1.094698288727341,1.0,1.3958320403837408,-0.0420628120994279,0.007636325693651539,90.76972465124075,0.41739152959980863,-0.5826084704001914,0.002263309671245844,0.0,0.0,0.002263309671245844
2023-06-02,-0.14576084456008243,-1.0401203634933132,1.0,1.3958320403837408,-0.0420628120994279,0.007636325693651539,90.76972465124075,0.41739152959980863,-0.5826084704001914,0.004710597410131973,0.0,0.0,0.004710597410131973
2023-06-05,-0.1344661081336067,-0.9268309878060308,1.0,1.3958320403837408,-0.0420628120994279,0.007636325693651539,90.76972465124075,0.41739152959980863,-0.5826084704001914,0.001867291221868397,0.0,0.0,0.001867291221868397
2023-06-06,-0.12997687550809278,-0.8818027248828433,1.0,1.3958320403837408,-0.0420628120994279,0.007636325693651539,90.76972465124075,0.41739152959980863,-0.5826084704001914,-0.004431414097419817,0.0,0.0,-0.004431414097419817
2023-06-07,-0.14050373077506695,-0.8134815808956465,1.0,1.3958320403837408,-0.058802816409217515,0.00722564172644968,95.92880560665762,0.41739152959980863,-0.5826084704001914,0.004848796179817181,0.0,0.0,0.004848796179817181
2023-06-08,-0.12880128442461114,-0.696962388529123,1.0,1.3958320403837408,-0.058802816409217515,0.00722564172644968,95.92880560665762,0.41739152959980863,-0.5826084704001914,-0.0005951961916468521,0.0,0.0,-0.0005951961916468521
2023-06-09,-0.13026491671763107,-0.711535516881692,1.0,1.3958320403837408,-0.058802816409217515,0.00722564172644968,95.92880560665762,0.41739152959980863,-0.5826084704001914,0.0017465934783915688,0.0,0.0,0.0017465934783915688
2023-06-12,-0.12619337587849433,-0.6709959035345175,1.0,1.3958320403837408,-0.058802816409217515,0.00722564172644968,95.92880560665762,0.41739152959980863,-0.5826084704001914,0.004741853467369378,0.0,0.0,0.004741853467369378
2023-06-13,-0.1148815352581316,-0.5583659034651592,1.0,1.3958320403837408,-0.058802816409217515,0.00722564172644968,95.92880560665762,0.41739152959980863,-0.5826084704001914,-0.002743617724597861,0.0,0.0,-0.002743617724597861
2023-06-14,-0.12145703367656058,-0.6238369803817267,1.0,1.3958320403837408,-0.058802816409217515,0.00722564172644968,95.92880560665762,0.41739152959980863,-0.5826084704001914,-0.002424456765165141,0.0,0.0,-0.002424456765165141
2023-06-15,-0.12731293524459897,-0.682143158496281,1.0,1.3958320403837408,-0.058802816409217515,0.00722564172644968,95.92880560665762,0.41739152959980863,-0.5826084704001914,0.009072513510270185,0.0,0.0,0.009072513510270185
2023-06-16,-0.10546716390122945,-0.4646286698736508,0.0,1.3958320403837408,-0.058802816409217515,0.00722564172644968,95.92880560665762,0.0,-0.0,0.0,1.0,0.0007,-0.0007
2023-06-19,-0.11917029661986334,-0.6010683432077921,0.0,1.3958320403837408,-0.058802816409217515,0.00722564172644968,95.92880560665762,0.0,-0.0,0.0,0.0,0.0,0.0
2023-06-20,-0.1194337882317118,-0.6036918826702687,0.0,1.3958320403837408,-0.058802816409217515,0.00722564172644968,95.92880560665762,0.0,-0.0,-0.0,0.0,0.0,-0.0
2023-06-21,-0.1356739481107727,-0.7653922875550724,0.0,1.3958320403837408,-0.058802816409217515,0.00722564172644968,95.92880560665762,0.0,-0.0,0.0,0.0,0.0,0.0
2023-06-22,-0.14100251429161048,-0.818447880314838,0.0,1.3958320403837408,-0.058802816409217515,0.00722564172644968,95.92880560665762,0.0,-0.0,0.0,0.0,0.0,0.0
2023-06-23,-0.14442108945775178,-0.8524860297302824,0.0,1.3958320403837408,-0.058802816409217515,0.00722564172644968,95.92880560665762,0.0,-0.0,0.0,0.0,0.0,0.0
2023-06-26,-0.12856501040041568,-0.6946098497819257,0.0,1.3958320403837408,-0.058802816409217515,0.00722564172644968,95.92880560665762,0.0,-0.0,0.0,0.0,0.0,0.0
2023-06-27,-0.12502727620770493,-0.6593852549752137,0.0,1.3958320403837408,-0.058802816409217515,0.00722564172644968,95.92880560665762,0.0,-0.0,0.0,0.0,0.0,0.0
2023-06-28,-0.12186686007629977,-0.6279175494933493,0.0,1.3958320403837408,-0.058802816409217515,0.00722564172644968,95.92880560665762,0.0,-0.0,0.0,0.0,0.0,0.0
2023-06-30,-0.12697692958524964,-0.6787976094644378,0.0,1.3958320403837408,-0.058802816409217515,0.00722564172644968,95.92880560665762,0.0,-0.0,0.0,0.0,0.0,0.0
2023-07-03,-0.1156085911429594,-0.565605070556249,0.0,1.3958320403837408,-0.058802816409217515,0.00722564172644968,95.92880560665762,0.0,-0.0,0.0,0.0,0.0,0.0
2023-07-04,-0.12256458348986232,-0.6348646583463933,0.0,1.3958320403837408,-0.058802816409217515,0.00722564172644968,95.92880560665762,0.0,-0.0,0.0,0.0,0.0,0.0
2023-07-05,-0.12564193120889566,-0.665505266311134,0.0,1.3958320403837408,-0.058802816409217515,0.00722564172644968,95.92880560665762,0.0,-0.0,-0.0,0.0,0.0,-0.0
2023-07-06,-0.12940817710308128,-0.7030051117880715,0.0,1.3958320403837408,-0.058802816409217515,0.00722564172644968,95.92880560665762,0.0,-0.0,-0.0,0.0,0.0,-0.0
2023-07-07,-0.14231980067550953,-0.4275986615882306,0.0,1.3958320403837408,-0.09664093429195608,0.006074055303564059,114.1160470095208,0.0,-0.0,0.0,0.0,0.0,0.0
2023-07-10,-0.11887652765325374,-0.2081468020917069,0.0,1.3958320403837408,-0.09664093429195608,0.006074055303564059,114.1160470095208,0.0,-0.0,0.0,0.0,0.0,0.0
2023-07-11,-0.10454112828561879,-0.07395350728742761,0.0,1.3958320403837408,-0.09664093429195608,0.006074055303564059,114.1160470095208,0.0,-0.0,0.0,0.0,0.0,0.0
2023-07-12,-0.11060880464232703,-0.1307528653821186,0.0,1.3958320403837408,-0.09664093429195608,0.006074055303564059,114.1160470095208,0.0,-0.0,0.0,0.0,0.0,0.0
2023-07-13,-0.12115120250857725,-0.22943997332581037,0.0,1.3958320403837408,-0.09664093429195608,0.006074055303564059,114.1160470095208,0.0,-0.0,0.0,0.0,0.0,0.0
2023-07-14,-0.14845509062847562,-0.48503094877144715,0.0,1.3958320403837408,-0.09664093429195608,0.006074055303564059,114.1160470095208,0.0,-0.0,0.0,0.0,0.0,0.0
2023-07-17,-0.14141669327915363,-0.4191446971069392,0.0,1.3958320403837408,-0.09664093429195608,0.006074055303564059,114.1160470095208,0.0,-0.0,0.0,0.0,0.0,0.0
2023-07-18,-0.10741249241482631,-0.10083227105253835,0.0,1.3958320403837408,-0.09664093429195608,0.006074055303564059,114.1160470095208,0.0,-0.0,0.0,0.0,0.0,0.0
2023-07-19,-0.09684311498375386,-0.0018926081152233017,0.0,1.3958320403837408,-0.09664093429195608,0.006074055303564059,114.1160470095208,0.0,-0.0,-0.0,0.0,0.0,-0.0
2023-07-20,-0.1151557782478454,-0.17331696519298206,0.0,1.3958320403837408,-0.09664093429195608,0.006074055303564059,114.1160470095208,0.0,-0.0,0.0,0.0,0.0,0.0
2023-07-21,-0.16116983951990616,-0.6040533772782029,0.0,1.3958320403837408,-0.09664093429195608,0.006074055303564059,114.1160470095208,0.0,-0.0,0.0,0.0,0.0,0.0
2023-07-24,-0.16833993571432782,-0.6711724583528034,0.0,1.3958320403837408,-0.09664093429195608,0.006074055303564059,114.1160470095208,0.0,-0.0,-0.0,0.0,0.0,-0.0
2023-07-25,-0.17164554217729133,-0.7021161531334935,0.0,1.3958320403837408,-0.09664093429195608,0.006074055303564059,114.1160470095208,0.0,-0.0,0.0,0.0,0.0,0.0
2023-07-26,-0.15656222045443702,-0.5609215769187178,0.0,1.3958320403837408,-0.09664093429195608,0.006074055303564059,114.1160470095208,0.0,-0.0,0.0,0.0,0.0,0.0
2023-07-27,-0.1569174699600291,-0.5642470581564866,0.0,1.3958320403837408,-0.09664093429195608,0.006074055303564059,114.1160470095208,0.0,-0.0,0.0,0.0,0.0,0.0
2023-07-28,-0.14915213601775523,-0.49155597224771985,0.0,1.3958320403837408,-0.09664093429195608,0.006074055303564059,114.1160470095208,0.0,-0.0,0.0,0.0,0.0,0.0
2023-07-31,-0.16508674873898688,-0.6407194610110634,0.0,1.3958320403837408,-0.09664093429195608,0.006074055303564059,114.1160470095208,0.0,-0.0,0.0,0.0,0.0,0.0
2023-08-01,-0.17053196747588828,-0.6916920097692462,0.0,1.3958320403837408,-0.09664093429195608,0.006074055303564059,114.1160470095208,0.0,-0.0,0.0,0.0,0.0,0.0
2023-08-02,-0.17204980777580037,-0.7059004727222753,0.0,1.3958320403837408,-0.09664093429195608,0.006074055303564059,114.1160470095208,0.0,-0.0,0.0,0.0,0.0,0.0
2023-08-03,-0.1499639718215633,-0.4991555457621518,0.0,1.3958320403837408,-0.09664093429195608,0.006074055303564059,114.1160470095208,0.0,-0.0,0.0,0.0,0.0,0.0
2023-08-04,-0.15750447077329532,-0.569741957263576,0.0,1.3958320403837408,-0.09664093429195608,0.006074055303564059,114.1160470095208,0.0,-0.0,0.0,0.0,0.0,0.0
2023-08-07,-0.1632529016963833,-0.07623315789404689,0.0,1.3958320403837408,-0.15509767058513943,0.006214064214007255,111.54490148291475,0.0,-0.0,0.0,0.0,0.0,0.0
2023-08-08,-0.15986582082582323,-0.044571532701192254,0.0,1.3958320403837408,-0.15509767058513943,0.006214064214007255,111.54490148291475,0.0,-0.0,0.0,0.0,0.0,0.0
2023-08-09,-0.153587731779532,0.014114548295206227,0.0,1.3958320403837408,-0.15509767058513943,0.006214064214007255,111.54490148291475,0.0,-0.0,0.0,0.0,0.0,0.0
2023-08-10,-0.14914783470850068,0.05561764855469387,0.0,1.3958320403837408,-0.15509767058513943,0.006214064214007255,111.54490148291475,0.0,-0.0,-0.0,0.0,0.0,-0.0
2023-08-11,-0.1643580748945208,-0.0865640537036981,0.0,1.3958320403837408,-0.15509767058513943,0.006214064214007255,111.54490148291475,0.0,-0.0,0.0,0.0,0.0,0.0
2023-08-14,-0.14908842630907415,0.056172984121759674,0.0,1.3958320403837408,-0.15509767058513943,0.006214064214007255,111.54490148291475,0.0,-0.0,0.0,0.0,0.0,0.0
2023-08-16,-0.13479804190624467,0.18975609362377427,0.0,1.3958320403837408,-0.15509767058513943,0.006214064214007255,111.54490148291475,0.0,-0.0,0.0,0.0,0.0,0.0
2023-08-17,-0.13053779021532907,0.22957991166054031,0.0,1.3958320403837408,-0.15509767058513943,0.006214064214007255,111.54490148291475,0.0,-0.0,0.0,0.0,0.0,0.0
2023-08-18,-0.11861349303380297,0.3410454014075464,0.0,1.3958320403837408,-0.15509767058513943,0.006214064214007255,111.54490148291475,0.0,-0.0,0.0,0.0,0.0,0.0
2023-08-21,-0.120981312445541,0.3189115895489536,0.0,1.3958320403837408,-0.15509767058513943,0.006214064214007255,111.54490148291475,0.0,-0.0,0.0,0.0,0.0,0.0
2023-08-22,-0.11413167838884242,0.38294033716357534,0.0,1.3958320403837408,-0.15509767058513943,0.006214064214007255,111.54490148291475,0.0,-0.0,0.0,0.0,0.0,0.0
2023-08-23,-0.1177729950915456,0.34890217596950673,0.0,1.3958320403837408,-0.15509767058513943,0.006214064214007255,111.54490148291475,0.0,-0.0,0.0,0.0,0.0,0.0
2023-08-24,-0.10239920993417062,0.4926126576645577,0.0,1.3958320403837408,-0.15509767058513943,0.006214064214007255,111.54490148291475,0.0,-0.0,0.0,0.0,0.0,0.0
2023-08-25,-0.10220078904917784,0.4944674488346419,0.0,1.3958320403837408,-0.15509767058513943,0.006214064214007255,111.54490148291475,0.0,-0.0,0.0,0.0,0.0,0.0
2023-08-28,-0.10296368713877602,0.48733605921145634,0.0,1.3958320403837408,-0.15509767058513943,0.006214064214007255,111.54490148291475,0.0,-0.0,0.0,0.0,0.0,0.0
2023-08-29,-0.10179965394790713,0.4982171642130146,0.0,1.3958320403837408,-0.15509767058513943,0.006214064214007255,111.54490148291475,0.0,-0.0,0.0,0.0,0.0,0.0
2023-08-30,-0.0956362673886737,0.5558310336819358,0.0,1.3958320403837408,-0.15509767058513943,0.006214064214007255,111.54490148291475,0.0,-0.0,0.0,0.0,0.0,0.0
2023-08-31,-0.08129895992455438,0.6898527687840573,0.0,1.3958320403837408,-0.15509767058513943,0.006214064214007255,111.54490148291475,0.0,-0.0,0.0,0.0,0.0,0.0
2023-09-01,-0.0847474435526836,0.6576171652392653,0.0,1.3958320403837408,-0.15509767058513943,0.006214064214007255,111.54490148291475,0.0,-0.0,0.0,0.0,0.0,0.0
2023-09-04,-0.08627703121476138,0.6433189441140302,0.0,1.3958320403837408,-0.15509767058513943,0.006214064214007255,111.54490148291475,0.0,-0.0,0.0,0.0,0.0,0.0
2023-09-05,-0.08132529494484153,0.6896065952872786,0.0,1.3958320403837408,-0.15509767058513943,0.006214064214007255,111.54490148291475,0.0,-0.0,-0.0,0.0,0.0,-0.0
2023-09-06,-0.08252996898162035,0.08576420728667276,0.0,1.3958320403837408,-0.08927636139245661,0.011568166303747579,59.91850068194438,0.0,-0.0,-0.0,0.0,0.0,-0.0
2023-09-07,-0.10045195733419643,-0.14207091264954524,0.0,1.3958320403837408,-0.08927636139245661,0.011568166303747579,59.91850068194438,0.0,-0.0,0.0,0.0,0.0,0.0
2023-09-08,-0.09273213162351457,-0.04393183443576619,0.0,1.3958320403837408,-0.08927636139245661,0.011568166303747579,59.91850068194438,0.0,-0.0,0.0,0.0,0.0,0.0
2023-09-11,-0.10370911816239659,-0.18347790462752328,0.0,1.3958320403837408,-0.08927636139245661,0.011568166303747579,59.91850068194438,0.0,-0.0,0.0,0.0,0.0,0.0
2023-09-12,-0.1267471638010802,-0.476351428922113,0.0,1.3958320403837408,-0.08927636139245661,0.011568166303747579,59.91850068194438,0.0,-0.0,0.0,0.0,0.0,0.0
2023-09-13,-0.12352363094216301,-0.4353719359617702,0.0,1.3958320403837408,-0.08927636139245661,0.011568166303747579,59.91850068194438,0.0,-0.0,0.0,0.0,0.0,0.0
2023-09-14,-0.11474579113937544,-0.32378274480142943,0.0,1.3958320403837408,-0.08927636139245661,0.011568166303747579,59.91850068194438,0.0,-0.0,0.0,0.0,0.0,0.0
2023-09-15,-0.126581582081422,-0.4742464542833952,0.0,1.3958320403837408,-0.08927636139245661,0.011568166303747579,59.91850068194438,0.0,-0.0,-0.0,0.0,0.0,-0.0
2023-09-18,-0.14280868982906192,-0.6805352302366535,0.0,1.3958320403837408,-0.08927636139245661,0.011568166303747579,59.91850068194438,0.0,-0.0,0.0,0.0,0.0,0.0
2023-09-20,-0.14380948736408872,-0.6932579718174964,0.0,1.3958320403837408,-0.08927636139245661,0.011568166303747579,59.91850068194438,0.0,-0.0,0.0,0.0,0.0,0.0
2023-09-21,-0.12806732229482165,-0.4931340795320364,0.0,1.3958320403837408,-0.08927636139245661,0.011568166303747579,59.91850068194438,0.0,-0.0,-0.0,0.0,0.0,-0.0
2023-09-22,-0.13892898031664735,-0.6312140240909301,0.0,1.3958320403837408,-0.08927636139245661,0.011568166303747579,59.91850068194438,0.0,-0.0,0.0,0.0,0.0,0.0
2023-09-25,-0.14344014684783257,-0.6885626925235319,0.0,1.3958320403837408,-0.08927636139245661,0.011568166303747579,59.91850068194438,0.0,-0.0,-0.0,0.0,0.0,-0.0
2023-09-26,-0.15597250835687326,-0.8478816269701057,0.0,1.3958320403837408,-0.08927636139245661,0.011568166303747579,59.91850068194438,0.0,-0.0,0.0,0.0,0.0,0.0
2023-09-27,-0.1530353836893097,-0.810543127595075,0.0,1.3958320403837408,-0.08927636139245661,0.011568166303747579,59.91850068194438,0.0,-0.0,0.0,0.0,0.0,0.0
2023-09-28,-0.15140659593151184,-0.7898369957280059,0.0,1.3958320403837408,-0.08927636139245661,0.011568166303747579,59.91850068194438,0.0,-0.0,0.0,0.0,0.0,0.0
2023-09-29,-0.1509690977365281,-0.7842752549342357,0.0,1.3958320403837408,-0.08927636139245661,0.011568166303747579,59.91850068194438,0.0,-0.0,0.0,0.0,0.0,0.0
2023-10-03,-0.1461324850493151,-0.7227893187759399,0.0,1.3958320403837408,-0.08927636139245661,0.011568166303747579,59.91850068194438,0.0,-0.0,0.0,0.0,0.0,0.0
2023-10-04,-0.14840300821037555,-0.7516535779497171,0.0,1.3958320403837408,-0.08927636139245661,0.011568166303747579,59.91850068194438,0.0,-0.0,0.0,0.0,0.0,0.0
2023-10-05,-0.1554776668392197,-0.8415909032900062,0.0,1.3958320403837408,-0.08927636139245661,0.011568166303747579,59.91850068194438,0.0,-0.0,0.0,0.0,0.0,0.0
2023-10-06,-0.1575192271088124,-0.8675444481606459,0.0,1.3958320403837408,-0.08927636139245661,0.011568166303747579,59.91850068194438,0.0,-0.0,-0.0,0.0,0.0,-0.0
2023-10-09,-0.1662376608925289,-0.4262940052991498,0.0,1.3958320403837408,-0.13368989944401213,0.01238215133086201,55.97954362197981,0.0,-0.0,0.0,0.0,0.0,0.0
2023-10-10,-0.1493438568612948,-0.20502756285562831,0.0,1.3958320403837408,-0.13368989944401213,0.01238215133086201,55.97954362197981,0.0,-0.0,0.0,0.0,0.0,0.0
2023-10-11,-0.14251811171773188,-0.11562742880944295,0.0,1.3958320403837408,-0.13368989944401213,0.01238215133086201,55.97954362197981,0.0,-0.0,0.0,0.0,0.0,0.0
2023-10-12,-0.13575849786890792,-0.027093448786000146,0.0,1.3958320403837408,-0.13368989944401213,0.01238215133086201,55.97954362197981,0.0,-0.0,-0.0,0.0,0.0,-0.0
2023-10-13,-0.17058321825694023,-0.48320990278913045,0.0,1.3958320403837408,-0.13368989944401213,0.01238215133086201,55.97954362197981,0.0,-0.0,0.0,0.0,0.0,0.0
2023-10-16,-0.15007401403368892,-0.21459078968491832,0.0,1.3958320403837408,-0.13368989944401213,0.01238215133086201,55.97954362197981,0.0,-0.0,0.0,0.0,0.0,0.0
2023-10-17,-0.137553650257618,-0.05060544063576322,0.0,1.3958320403837408,-0.13368989944401213,0.01238215133086201,55.97954362197981,0.0,-0.0,0.0,0.0,0.0,0.0
2023-10-18,-0.13096878489364094,0.03563977271955801,0.0,1.3958320403837408,-0.13368989944401213,0.01238215133086201,55.97954362197981,0.0,-0.0,0.0,0.0,0.0,0.0
2023-10-19,-0.12667126631456327,0.09192648266181795,0.0,1.3958320403837408,-0.13368989944401213,0.01238215133086201,55.97954362197981,0.0,-0.0,-0.0,0.0,0.0,-0.0
2023-10-20,-0.1467702956871948,-0.17132036912051285,0.0,1.3958320403837408,-0.13368989944401213,0.01238215133086201,55.97954362197981,0.0,-0.0,0.0,0.0,0.0,0.0
2023-10-23,-0.12576218198002742,0.10383320634654802,0.0,1.3958320403837408,-0.13368989944401213,0.01238215133086201,55.97954362197981,0.0,-0.0,0.0,0.0,0.0,0.0
2023-10-25,-0.13245508427717745,0.01617298025570002,0.0,1.3958320403837408,-0.13368989944401213,0.01238215133086201,55.97954362197981,0.0,-0.0,0.0,0.0,0.0,0.0
2023-10-26,-0.11808136565545713,0.20443262729742814,0.0,1.3958320403837408,-0.13368989944401213,0.01238215133086201,55.97954362197981,0.0,-0.0,0.0,0.0,0.0,0.0
2023-10-27,-0.10875217949992155,0.32662155690216665,0.0,1.3958320403837408,-0.13368989944401213,0.01238215133086201,55.97954362197981,0.0,-0.0,-0.0,0.0,0.0,-0.0
2023-10-30,-0.12259538842510409,0.14531025571656914,0.0,1.3958320403837408,-0.13368989944401213,0.01238215133086201,55.97954362197981,0.0,-0.0,0.0,0.0,0.0,0.0
2023-10-31,-0.12484197798612673,0.11588556966722355,0.0,1.3958320403837408,-0.13368989944401213,0.01238215133086201,55.97954362197981,0.0,-0.0,0.0,0.0,0.0,0.0
2023-11-01,-0.11943347120293435,0.18672343736333724,0.0,1.3958320403837408,-0.13368989944401213,0.01238215133086201,55.97954362197981,0.0,-0.0,0.0,0.0,0.0,0.0
2023-11-02,-0.1199751170772414,0.17962923552161164,0.0,1.3958320403837408,-0.13368989944401213,0.01238215133086201,55.97954362197981,0.0,-0.0,0.0,0.0,0.0,0.0
2023-11-03,-0.10244808765520563,0.4091893416792707,0.0,1.3958320403837408,-0.13368989944401213,0.01238215133086201,55.97954362197981,0.0,-0.0,0.0,0.0,0.0,0.0
2023-11-06,-0.10441424591150206,0.3834376020564282,0.0,1.3958320403837408,-0.13368989944401213,0.01238215133086201,55.97954362197981,0.0,-0.0,0.0,0.0,0.0,0.0
2023-11-07,-0.0996491689158896,0.4458481540457431,0.0,1.3958320403837408,-0.13368989944401213,0.01238215133086201,55.97954362197981,0.0,-0.0,-0.0,0.0,0.0,-0.0
2023-11-08,-0.11375483388163765,-0.06281771879633337,0.0,1.3958320403837408,-0.10989991104632083,0.019542879646806843,35.46801664273669,0.0,-0.0,0.0,0.0,0.0,0.0
2023-11-09,-0.11132208286774592,-0.023174935887142964,0.0,1.3958320403837408,-0.10989991104632083,0.019542879646806843,35.46801664273669,0.0,-0.0,0.0,0.0,0.0,0.0
2023-11-10,-0.10980945478587412,0.0014740258559915425,0.0,1.3958320403837408,-0.10989991104632083,0.019542879646806843,35.46801664273669,0.0,-0.0,0.0,0.0,0.0,0.0
2023-11-13,-0.10558602648470394,0.07029670862120417,0.0,1.3958320403837408,-0.10989991104632083,0.019542879646806843,35.46801664273669,0.0,-0.0,0.0,0.0,0.0,0.0
2023-11-15,-0.1091926645538539,0.011524902879107537,0.0,1.3958320403837408,-0.10989991104632083,0.019542879646806843,35.46801664273669,0.0,-0.0,0.0,0.0,0.0,0.0
2023-11-16,-0.12293665436183066,-0.21243965459204034,0.0,1.3958320403837408,-0.10989991104632083,0.019542879646806843,35.46801664273669,0.0,-0.0,-0.0,0.0,0.0,-0.0
2023-11-17,-0.12987094217673967,-0.3254370246091745,0.0,1.3958320403837408,-0.10989991104632083,0.019542879646806843,35.46801664273669,0.0,-0.0,-0.0,0.0,0.0,-0.0
2023-11-20,-0.13735022499804295,-0.4473153358330779,0.0,1.3958320403837408,-0.10989991104632083,0.019542879646806843,35.46801664273669,0.0,-0.0,0.0,0.0,0.0,0.0
2023-11-21,-0.13194788393728452,-0.35928173409984965,0.0,1.3958320403837408,-0.10989991104632083,0.019542879646806843,35.46801664273669,0.0,-0.0,0.0,0.0,0.0,0.0
2023-11-22,-0.12687838336613932,-0.27667191934596314,0.0,1.3958320403837408,-0.10989991104632083,0.019542879646806843,35.46801664273669,0.0,-0.0,0.0,0.0,0.0,0.0
2023-11-23,-0.12407456655193094,-0.23098245065471815,0.0,1.3958320403837408,-0.10989991104632083,0.019542879646806843,35.46801664273669,0.0,-0.0,0.0,0.0,0.0,0.0
2023-11-24,-0.1117836651944426,-0.030696629585949937,0.0,1.3958320403837408,-0.10989991104632083,0.019542879646806843,35.46801664273669,0.0,-0.0,0.0,0.0,0.0,0.0
2023-11-28,-0.11336276985679383,-0.05642885740664138,0.0,1.3958320403837408,-0.10989991104632083,0.019542879646806843,35.46801664273669,0.0,-0.0,0.0,0.0,0.0,0.0
2023-11-29,-0.11914506645650658,-0.1506540072514104,0.0,1.3958320403837408,-0.10989991104632083,0.019542879646806843,35.46801664273669,0.0,-0.0,0.0,0.0,0.0,0.0
2023-11-30,-0.11177138923003227,-0.030496587169220508,0.0,1.3958320403837408,-0.10989991104632083,0.019542879646806843,35.46801664273669,0.0,-0.0,-0.0,0.0,0.0,-0.0
2023-12-01,-0.12332435013760268,-0.21875733337872133,0.0,1.3958320403837408,-0.10989991104632083,0.019542879646806843,35.46801664273669,0.0,-0.0,0.0,0.0,0.0,0.0
2023-12-04,-0.11537919572450672,-0.08928743293276611,0.0,1.3958320403837408,-0.10989991104632083,0.019542879646806843,35.46801664273669,0.0,-0.0,-0.0,0.0,0.0,-0.0
2023-12-05,-0.13009624908626183,-0.32910850305112127,0.0,1.3958320403837408,-0.10989991104632083,0.019542879646806843,35.46801664273669,0.0,-0.0,0.0,0.0,0.0,0.0
2023-12-06,-0.14456179699585725,-0.5648311775739098,0.0,1.3958320403837408,-0.10989991104632083,0.019542879646806843,35.46801664273669,0.0,-0.0,-0.0,0.0,0.0,-0.0
2023-12-07,-0.1544521090159403,-0.7259983048620781,0.0,1.3958320403837408,-0.10989991104632083,0.019542879646806843,35.46801664273669,0.0,-0.0,0.0,0.0,0.0,0.0
2023-12-08,-0.14192311579371797,-0.5218326686983012,0.0,1.3958320403837408,-0.10989991104632083,0.019542879646806843,35.46801664273669,0.0,-0.0,-0.0,0.0,0.0,-0.0
2023-12-11,-0.14992256214253086,-0.5209168940863328,0.0,1.3958320403837408,-0.12084189714871615,0.02391932555924153,28.978542009606922,0.0,-0.0,-0.0,0.0,0.0,-0.0
2023-12-12,-0.1694658449600146,-0.8709923200678138,0.0,1.3958320403837408,-0.12084189714871615,0.02391932555924153,28.978542009606922,0.0,-0.0,0.0,0.0,0.0,0.0
2023-12-13,-0.1577794186592314,-0.6616553983410366,0.0,1.3958320403837408,-0.12084189714871615,0.02391932555924153,28.978542009606922,0.0,-0.0,0.0,0.0,0.0,0.0
2023-12-14,-0.15055923582977915,-0.5323215191104996,0.0,1.3958320403837408,-0.12084189714871615,0.02391932555924153,28.978542009606922,0.0,-0.0,0.0,0.0,0.0,0.0
2023-12-15,-0.1724421853392002,-0.924306987610625,0.0,1.3958320403837408,-0.12084189714871615,0.02391932555924153,28.978542009606922,0.0,-0.0,0.0,0.0,0.0,0.0
2023-12-18,-0.18073257341069215,-1.0728112672029424,0.0,1.3958320403837408,-0.12084189714871615,0.02391932555924153,28.978542009606922,0.0,-0.0,0.0,0.0,0.0,0.0
2023-12-19,-0.1689676508683009,-0.8620682559529506,0.0,1.3958320403837408,-0.12084189714871615,0.02391932555924153,28.978542009606922,0.0,-0.0,0.0,0.0,0.0,0.0
2023-12-20,-0.16983545423243207,-0.8776130666791506,0.0,1.3958320403837408,-0.12084189714871615,0.02391932555924153,28.978542009606922,0.0,-0.0,-0.0,0.0,0.0,-0.0
2023-12-21,-0.17284420129081024,-0.9315082294299027,0.0,1.3958320403837408,-0.12084189714871615,0.02391932555924153,28.978542009606922,0.0,-0.0,0.0,0.0,0.0,0.0
2023-12-22,-0.1688701582469223,-0.8603218875829125,0.0,1.3958320403837408,-0.12084189714871615,0.02391932555924153,28.978542009606922,0.0,-0.0,0.0,0.0,0.0,0.0
2023-12-26,-0.17064534716252222,-0.8921205378726317,0.0,1.3958320403837408,-0.12084189714871615,0.02391932555924153,28.978542009606922,0.0,-0.0,0.0,0.0,0.0,0.0
2023-12-27,-0.1615063724379917,-0.7284156731575883,0.0,1.3958320403837408,-0.12084189714871615,0.02391932555924153,28.978542009606922,0.0,-0.0,0.0,0.0,0.0,0.0
2023-12-28,-0.1602051771149604,-0.7051075876506958,0.0,1.3958320403837408,-0.12084189714871615,0.02391932555924153,28.978542009606922,0.0,-0.0,0.0,0.0,0.0,0.0
2023-12-29,-0.17053472036825568,-0.8901388993480548,0.0,1.3958320403837408,-0.12084189714871615,0.02391932555924153,28.978542009606922,0.0,-0.0,0.0,0.0,0.0,0.0
2024-01-01,-0.17157076586278652,-0.9086974020940525,0.0,1.3958320403837408,-0.12084189714871615,0.02391932555924153,28.978542009606922,0.0,-0.0,0.0,0.0,0.0,0.0
2024-01-02,-0.1723008585961292,-0.9217754262427011,0.0,1.3958320403837408,-0.12084189714871615,0.02391932555924153,28.978542009606922,0.0,-0.0,0.0,0.0,0.0,0.0
2024-01-03,-0.16750857843723033,-0.8359321452690327,0.0,1.3958320403837408,-0.12084189714871615,0.02391932555924153,28.978542009606922,0.0,-0.0,0.0,0.0,0.0,0.0
2024-01-04,-0.14292330776632145,-0.39554046781304547,0.0,1.3958320403837408,-0.12084189714871615,0.02391932555924153,28.978542009606922,0.0,-0.0,0.0,0.0,0.0,0.0
2024-01-05,-0.15669268899610334,-0.6421889988983636,0.0,1.3958320403837408,-0.12084189714871615,0.02391932555924153,28.978542009606922,0.0,-0.0,0.0,0.0,0.0,0.0
2024-01-08,-0.1406393971802693,-0.35462917472156247,0.0,1.3958320403837408,-0.12084189714871615,0.02391932555924153,28.978542009606922,0.0,-0.0,0.0,0.0,0.0,0.0
2024-01-09,-0.1407750895196438,-0.3570598079960527,0.0,1.3958320403837408,-0.12084189714871615,0.02391932555924153,28.978542009606922,0.0,-0.0,-0.0,0.0,0.0,-0.0
2024-01-10,-0.15567073289200817,-0.7119629278417815,0.0,1.3958320403837408,-0.12523985039165536,0.04172769225568905,16.61120333021636,0.0,-0.0,-0.0,0.0,0.0,-0.0
2024-01-11,-0.18115689774751598,-1.3082389165442216,0.0,1.3958320403837408,-0.12523985039165536,0.04172769225568905,16.61120333021636,0.0,-0.0,0.0,0.0,0.0,0.0
2024-01-12,-0.1587720884048851,-0.7845224453385387,0.0,1.3958320403837408,-0.12523985039165536,0.04172769225568905,16.61120333021636,0.0,-0.0,0.0,0.0,0.0,0.0
2024-01-15,-0.14219452105410468,-0.39667258960664803,0.0,1.3958320403837408,-0.12523985039165536,0.04172769225568905,16.61120333021636,0.0,-0.0,0.0,0.0,0.0,0.0
2024-01-16,-0.13943191787019948,-0.33203854387184656,0.0,1.3958320403837408,-0.12523985039165536,0.04172769225568905,16.61120333021636,0.0,-0.0,0.0,0.0,0.0,0.0
2024-01-17,-0.1425415815588531,-0.40479243999534664,0.0,1.3958320403837408,-0.12523985039165536,0.04172769225568905,16.61120333021636,0.0,-0.0,0.0,0.0,0.0,0.0
2024-01-18,-0.14753253757246565,-0.5215611750505964,0.0,1.3958320403837408,-0.12523985039165536,0.04172769225568905,16.61120333021636,0.0,-0.0,0.0,0.0,0.0,0.0
2024-01-19,-0.16156099843236582,-0.8497719677153365,0.0,1.3958320403837408,-0.12523985039165536,0.04172769225568905,16.61120333021636,0.0,-0.0,0.0,0.0,0.0,0.0
2024-01-23,-0.14154356478924957,-0.3814427740330173,0.0,1.3958320403837408,-0.12523985039165536,0.04172769225568905,16.61120333021636,0.0,-0.0,0.0,0.0,0.0,0.0
2024-01-24,-0.11553399727722091,0.2270787776356768,0.0,1.3958320403837408,-0.12523985039165536,0.04172769225568905,16.61120333021636,0.0,-0.0,0.0,0.0,0.0,0.0
2024-01-25,-0.10780962217646284,0.4077987653790528,0.0,1.3958320403837408,-0.12523985039165536,0.04172769225568905,16.61120333021636,0.0,-0.0,0.0,0.0,0.0,0.0
2024-01-29,-0.11191564231227513,0.31173404830631135,0.0,1.3958320403837408,-0.12523985039165536,0.04172769225568905,16.61120333021636,0.0,-0.0,0.0,0.0,0.0,0.0
2024-01-30,-0.11486383992092719,0.24275782320709766,0.0,1.3958320403837408,-0.12523985039165536,0.04172769225568905,16.61120333021636,0.0,-0.0,0.0,0.0,0.0,0.0
2024-01-31,-0.11480248587243658,0.2441932665596793,0.0,1.3958320403837408,-0.12523985039165536,0.04172769225568905,16.61120333021636,0.0,-0.0,-0.0,0.0,0.0,-0.0
2024-02-01,-0.13102691656198662,-0.13539458062694695,0.0,1.3958320403837408,-0.12523985039165536,0.04172769225568905,16.61120333021636,0.0,-0.0,0.0,0.0,0.0,0.0
2024-02-02,-0.14939404011605717,-0.5651130109562748,0.0,1.3958320403837408,-0.12523985039165536,0.04172769225568905,16.61120333021636,0.0,-0.0,-0.0,0.0,0.0,-0.0
2024-02-05,-0.1554937944977972,-0.7078232655369306,0.0,1.3958320403837408,-0.12523985039165536,0.04172769225568905,16.61120333021636,0.0,-0.0,0.0,0.0,0.0,0.0
2024-02-06,-0.18677841675495088,-1.43976034486314,0.0,1.3958320403837408,-0.12523985039165536,0.04172769225568905,16.61120333021636,0.0,-0.0,0.0,0.0,0.0,0.0
2024-02-07,-0.18977126174587777,-1.5097811430536694,0.0,1.3958320403837408,-0.12523985039165536,0.04172769225568905,16.61120333021636,0.0,-0.0,-0.0,0.0,0.0,-0.0
2024-02-08,-0.20797018064534,-1.9355642462241427,0.0,1.3958320403837408,-0.12523985039165536,0.04172769225568905,16.61120333021636,0.0,-0.0,0.0,0.0,0.0,0.0
2024-02-09,-0.22137109694123325,-2.249092965007641,1.0,1.3958320403837408,-0.12523985039165536,0.04172769225568905,16.61120333021636,0.41739152959980863,-0.5826084704001914,0.004520066494929622,1.0,0.0007,0.003820066494929622
2024-02-12,-0.21055550574125625,-1.4184827374297977,1.0,1.3958320403837408,-0.14153690723377976,0.03393773899265089,20.424082485578786,0.41739152959980863,-0.5826084704001914,-0.002966331038871781,0.0,0.0,-0.002966331038871781
2024-02-13,-0.21763190570408142,-1.563918191169546,1.0,1.3958320403837408,-0.14153690723377976,0.03393773899265089,20.424082485578786,0.41739152959980863,-0.5826084704001914,0.002389344795931404,0.0,0.0,0.002389344795931404
2024-02-14,-0.2118674918127974,-1.445446912803887,1.0,1.3958320403837408,-0.14153690723377976,0.03393773899265089,20.424082485578786,0.41739152959980863,-0.5826084704001914,0.002102033880843739,0.0,0.0,0.002102033880843739
2024-02-15,-0.2068494516305508,-1.3423152420923348,1.0,1.3958320403837408,-0.14153690723377976,0.03393773899265089,20.424082485578786,0.41739152959980863,-0.5826084704001914,0.002735493345371999,0.0,0.0,0.002735493345371999
2024-02-16,-0.2003824152179643,-1.2094035384072743,1.0,1.3958320403837408,-0.14153690723377976,0.03393773899265089,20.424082485578786,0.41739152959980863,-0.5826084704001914,0.002991530057202601,0.0,0.0,0.002991530057202601
2024-02-19,-0.1931911568250646,-1.06160749340905,1.0,1.3958320403837408,-0.14153690723377976,0.03393773899265089,20.424082485578786,0.41739152959980863,-0.5826084704001914,0.00682441047959521,0.0,0.0,0.00682441047959521
2024-02-20,-0.17665318891062665,-0.7217161814135317,1.0,1.3958320403837408,-0.14153690723377976,0.03393773899265089,20.424082485578786,0.41739152959980863,-0.5826084704001914,-0.00169700116464496,0.0,0.0,-0.00169700116464496
2024-02-21,-0.18080978815342164,-0.8071433619101013,1.0,1.3958320403837408,-0.14153690723377976,0.03393773899265089,20.424082485578786,0.41739152959980863,-0.5826084704001914,-0.007449426741104384,0.0,0.0,-0.007449426741104384
2024-02-22,-0.19838346829227937,-1.1683208191339285,1.0,1.3958320403837408,-0.14153690723377976,0.03393773899265089,20.424082485578786,0.41739152959980863,-0.5826084704001914,0.003872104134510414,0.0,0.0,0.003872104134510414
2024-02-23,-0.18905866931281334,-0.9766758615658212,1.0,1.3958320403837408,-0.14153690723377976,0.03393773899265089,20.424082485578786,0.41739152959980863,-0.5826084704001914,0.0031829724662423998,0.0,0.0,0.0031829724662423998
2024-02-26,-0.18137101692049917,-0.8186778371829113,1.0,1.3958320403837408,-0.14153690723377976,0.03393773899265089,20.424082485578786,0.41739152959980863,-0.5826084704001914,-0.014181720188373296,0.0,0.0,-0.014181720188373296
2024-02-27,-0.21489239807925298,-1.5076153342743062,1.0,1.3958320403837408,-0.14153690723377976,0.03393773899265089,20.424082485578786,0.41739152959980863,-0.5826084704001914,-0.00014600920802557865,0.0,0.0,-0.00014600920802557865
2024-02-28,-0.2152440020297215,-1.5148415623481446,1.0,1.3958320403837408,-0.14153690723377976,0.03393773899265089,20.424082485578786,0.41739152959980863,-0.5826084704001914,0.004035271393423557,0.0,0.0,0.004035271393423557
2024-02-29,-0.20555393543332467,-1.3156895585582526,1.0,1.3958320403837408,-0.14153690723377976,0.03393773899265089,20.424082485578786,0.41739152959980863,-0.5826084704001914,-0.004680856025008179,0.0,0.0,-0.004680856025008179
2024-03-01,-0.21683474743407505,-1.5475348500201171,1.0,1.3958320403837408,-0.14153690723377976,0.03393773899265089,20.424082485578786,0.41739152959980863,-0.5826084704001914,-0.0024719208880526465,0.0,0.0,-0.0024719208880526465
2024-03-04,-0.22280560245835268,-1.6702489439424435,1.0,1.3958320403837408,-0.14153690723377976,0.03393773899265089,20.424082485578786,0.41739152959980863,-0.5826084704001914,0.0019673348276053205,0.0,0.0,0.0019673348276053205
2024-03-05,-0.21807076793836888,-1.5729377672969749,1.0,1.3958320403837408,-0.14153690723377976,0.03393773899265089,20.424082485578786,0.41739152959980863,-0.5826084704001914,-0.004709037455324529,0.0,0.0,-0.004709037455324529
2024-03-06,-0.2292592559550668,-1.8028855995165316,1.0,1.3958320403837408,-0.14153690723377976,0.03393773899265089,20.424082485578786,0.41739152959980863,-0.5826084704001914,-0.00663419519249727,0.0,0.0,-0.00663419519249727
2024-03-07,-0.24507158511553495,-2.127863452410084,1.0,1.3958320403837408,-0.14153690723377976,0.03393773899265089,20.424082485578786,0.41739152959980863,-0.5826084704001914,-0.006042476130320778,0.0,0.0,-0.006042476130320778
2024-03-11,-0.25958893331953714,-2.4262266221346023,1.0,1.3958320403837408,-0.14153690723377976,0.03393773899265089,20.424082485578786,0.41739152959980863,-0.5826084704001914,-0.006658421560348328,0.0,0.0,-0.006658421560348328
2024-03-12,-0.27537258306578494,-2.7506150505125766,1.0,1.3958320403837408,-0.14153690723377976,0.03393773899265089,20.424082485578786,0.41739152959980863,-0.5826084704001914,0.005609508957568585,0.0,0.0,0.005609508957568585
2024-03-13,-0.2618588060678926,-1.707330849442243,1.0,1.3958320403837408,-0.16759545068288864,0.02727234353021925,25.415754234391343,0.41739152959980863,-0.5826084704001914,0.002624360963025752,0.0,0.0,0.002624360963025752
2024-03-14,-0.2557656602046521,-1.596969661258644,1.0,1.3958320403837408,-0.16759545068288864,0.02727234353021925,25.415754234391343,0.41739152959980863,-0.5826084704001914,-0.006485517016993078,0.0,0.0,-0.006485517016993078
2024-03-15,-0.2713672013154085,-1.8795502285261805,1.0,1.3958320403837408,-0.16759545068288864,0.02727234353021925,25.415754234391343,0.41739152959980863,-0.5826084704001914,0.0012089605926199048,0.0,0.0,0.0012089605926199048
2024-03-18,-0.26848063504435515,-1.8272677310127,1.0,1.3958320403837408,-0.16759545068288864,0.02727234353021925,25.415754234391343,0.41739152959980863,-0.5826084704001914,0.013850997777390722,0.0,0.0,0.013850997777390722
2024-03-19,-0.2343537237876676,-1.2091491827524314,1.0,1.3958320403837408,-0.16759545068288864,0.02727234353021925,25.415754234391343,0.41739152959980863,-0.5826084704001914,-0.0007999838026436101,0.0,0.0,-0.0007999838026436101
2024-03-20,-0.23627723014123525,-1.2439884023317787,1.0,1.3958320403837408,-0.16759545068288864,0.02727234353021925,25.415754234391343,0.41739152959980863,-0.5826084704001914,-0.00036790866560166196,0.0,0.0,-0.00036790866560166196
2024-03-21,-0.23715850439299135,-1.2599503496940057,1.0,1.3958320403837408,-0.16759545068288864,0.02727234353021925,25.415754234391343,0.41739152959980863,-0.5826084704001914,-0.003210120004359442,0.0,0.0,-0.003210120004359442
2024-03-22,-0.24512098998122234,-1.4041696725422217,1.0,1.3958320403837408,-0.16759545068288864,0.02727234353021925,25.415754234391343,0.41739152959980863,-0.5826084704001914,0.0004942078810988805,0.0,0.0,0.0004942078810988805
2024-03-26,-0.2439438102568161,-1.3828481818037708,1.0,1.3958320403837408,-0.16759545068288864,0.02727234353021925,25.415754234391343,0.41739152959980863,-0.5826084704001914,0.0030385852656346682,0.0,0.0,0.0030385852656346682
2024-03-27,-0.2366187408387237,-1.2501739634849447,1.0,1.3958320403837408,-0.16759545068288864,0.02727234353021925,25.415754234391343,0.41739152959980863,-0.5826084704001914,-0.0013753739383178835,0.0,0.0,-0.0013753739383178835
2024-03-28,-0.23990048173849043,-1.3096140020361233,1.0,1.3958320403837408,-0.16759545068288864,0.02727234353021925,25.415754234391343,0.41739152959980863,-0.5826084704001914,-0.006804111369215557,0.0,0.0,-0.006804111369215557
2024-04-01,-0.256128022567907,-1.6035328950724104,1.0,1.3958320403837408,-0.16759545068288864,0.02727234353021925,25.415754234391343,0.41739152959980863,-0.5826084704001914,0.0013845100326527519,0.0,0.0,0.0013845100326527519
2024-04-02,-0.2527969928600511,-1.5432001203965817,1.0,1.3958320403837408,-0.16759545068288864,0.02727234353021925,25.415754234391343,0.41739152959980863,-0.5826084704001914,-0.010144900983470864,0.0,0.0,-0.010144900983470864
2024-04-03,-0.27691901403341923,-1.9801066015204467,1.0,1.3958320403837408,-0.16759545068288864,0.02727234353021925,25.415754234391343,0.41739152959980863,-0.5826084704001914,-0.00655993317405435,0.0,0.0,-0.00655993317405435
2024-04-04,-0.2925046830238882,-2.262399687396067,1.0,1.3958320403837408,-0.16759545068288864,0.02727234353021925,25.415754234391343,0.41739152959980863,-0.5826084704001914,0.00136631803372098,0.0,0.0,0.00136631803372098
2024-04-05,-0.28921903628052537,-2.2028889048401,1.0,1.3958320403837408,-0.16759545068288864,0.02727234353021925,25.415754234391343,0.41739152959980863,-0.5826084704001914,0.0003037391966444421,0.0,0.0,0.0003037391966444421
2024-04-08,-0.2884906650648391,-2.1896963907257048,1.0,1.3958320403837408,-0.16759545068288864,0.02727234353021925,25.415754234391343,0.41739152959980863,-0.5826084704001914,0.008943268310335626,0.0,0.0,0.008943268310335626
2024-04-09,-0.2671089883117075,-1.8024239858306927,1.0,1.3958320403837408,-0.16759545068288864,0.02727234353021925,25.415754234391343,0.41739152959980863,-0.5826084704001914,-0.002287809736795572,0.0,0.0,-0.002287809736795572
2024-04-10,-0.2725573501467551,-1.9011066202638434,1.0,1.3958320403837408,-0.16759545068288864,0.02727234353021925,25.415754234391343,0.41739152959980863,-0.5826084704001914,-0.008556986314864196,0.0,0.0,-0.008556986314864196
2024-04-12,-0.2931542814284791,-2.274165440815056,1.0,1.3958320403837408,-0.16759545068288864,0.02727234353021925,25.415754234391343,0.41739152959980863,-0.5826084704001914,0.004098570047638987,0.0,0.0,0.004098570047638987
2024-04-15,-0.2832381952787557,-2.0945618215719093,1.0,1.3958320403837408,-0.16759545068288864,0.02727234353021925,25.415754234391343,0.41739152959980863,-0.5826084704001914,-0.005155701633247764,0.0,0.0,-0.005155701633247764
2024-04-16,-0.29606342012206355,-2.2869516077275924,1.0,1.3958320403837408,-0.18095051617580754,0.03455518345076395,20.059137626850628,0.41739152959980863,-0.5826084704001914,0.00304124479497506,0.0,0.0,0.00304124479497506
2024-04-18,-0.288777415939264,-2.1422003382474744,1.0,1.3958320403837408,-0.18095051617580754,0.03455518345076395,20.059137626850628,0.41739152959980863,-0.5826084704001914,0.0030478962014353667,0.0,0.0,0.0030478962014353667
2024-04-19,-0.2814307708338033,-1.9962443136893449,1.0,1.3958320403837408,-0.18095051617580754,0.03455518345076395,20.059137626850628,0.41739152959980863,-0.5826084704001914,0.000511657758542507,0.0,0.0,0.000511657758542507
2024-04-22,-0.2802499761942183,-1.9727854302208523,1.0,1.3958320403837408,-0.18095051617580754,0.03455518345076395,20.059137626850628,0.41739152959980863,-0.5826084704001914,0.0012887784451047638,0.0,0.0,0.0012887784451047638
2024-04-23,-0.2771801033434791,-1.9117961717551362,1.0,1.3958320403837408,-0.18095051617580754,0.03455518345076395,20.059137626850628,0.41739152959980863,-0.5826084704001914,0.0031921472329406475,0.0,0.0,0.0031921472329406475
2024-04-24,-0.2694758054671169,-1.7587346485831996,1.0,1.3958320403837408,-0.18095051617580754,0.03455518345076395,20.059137626850628,0.41739152959980863,-0.5826084704001914,-0.0009701286084318598,0.0,0.0,-0.0009701286084318598
2024-04-25,-0.2717933070917997,-1.804776524730761,1.0,1.3958320403837408,-0.18095051617580754,0.03455518345076395,20.059137626850628,0.41739152959980863,-0.5826084704001914,0.002286381073759999,0.0,0.0,0.002286381073759999
2024-04-26,-0.26628683176069856,-1.6953792097498657,1.0,1.3958320403837408,-0.18095051617580754,0.03455518345076395,20.059137626850628,0.41739152959980863,-0.5826084704001914,-0.006134460034926459,0.0,0.0,-0.006134460034926459
2024-04-29,-0.28087581991249877,-1.9852190866454693,1.0,1.3958320403837408,-0.18095051617580754,0.03455518345076395,20.059137626850628,0.41739152959980863,-0.5826084704001914,0.003328093523778863,0.0,0.0,0.003328093523778863
2024-04-30,-0.27283618485011996,-1.8254954092718663,1.0,1.3958320403837408,-0.18095051617580754,0.03455518345076395,20.059137626850628,0.41739152959980863,-0.5826084704001914,-0.00829604332841563,0.0,0.0,-0.00829604332841563
2024-05-02,-0.2926350312377828,-2.2188397001826146,1.0,1.3958320403837408,-0.18095051617580754,0.03455518345076395,20.059137626850628,0.41739152959980863,-0.5826084704001914,0.0035470686556016507,0.0,0.0,0.0035470686556016507
2024-05-03,-0.28411912288888264,-2.049653886758337,1.0,1.3958320403837408,-0.18095051617580754,0.03455518345076395,20.059137626850628,0.41739152959980863,-0.5826084704001914,-0.008941608440815662,0.0,0.0,-0.008941608440815662
2024-05-06,-0.3052834852029598,-2.47012692463171,1.0,1.3958320403837408,-0.18095051617580754,0.03455518345076395,20.059137626850628,0.41739152959980863,-0.5826084704001914,-0.00419759939211781,0.0,0.0,-0.00419759939211781
2024-05-07,-0.3152448433317394,-2.668029533347054,1.0,1.3958320403837408,-0.18095051617580754,0.03455518345076395,20.059137626850628,0.41739152959980863,-0.5826084704001914,-0.0036610777758004894,0.0,0.0,-0.0036610777758004894
2024-05-08,-0.32406114737371006,-2.8431833172565755,1.0,1.3958320403837408,-0.18095051617580754,0.03455518345076395,20.059137626850628,0.41739152959980863,-0.5826084704001914,0.006036192666763053,0.0,0.0,0.006036192666763053
2024-05-09,-0.3096236493507343,-2.5563530994156305,1.0,1.3958320403837408,-0.18095051617580754,0.03455518345076395,20.059137626850628,0.41739152959980863,-0.5826084704001914,0.005505996734674054,0.0,0.0,0.005505996734674054
2024-05-10,-0.2962865231808438,-2.2913840030670816,1.0,1.3958320403837408,-0.18095051617580754,0.03455518345076395,20.059137626850628,0.41739152959980863,-0.5826084704001914,-0.00848929832458299,0.0,0.0,-0.00848929832458299
2024-05-13,-0.31649347217284163,-2.6928360809861176,1.0,1.3958320403837408,-0.18095051617580754,0.03455518345076395,20.059137626850628,0.41739152959980863,-0.5826084704001914,0.007243687871598199,0.0,0.0,0.007243687871598199
2024-05-14,-0.29904118113818523,-2.3461108775382775,1.0,1.3958320403837408,-0.18095051617580754,0.03455518345076395,20.059137626850628,0.41739152959980863,-0.5826084704001914,0.0017146693613868478,0.0,0.0,0.0017146693613868478
2024-05-15,-0.2949187814908294,-2.2642110367904693,1.0,1.3958320403837408,-0.18095051617580754,0.03455518345076395,20.059137626850628,0.41739152959980863,-0.5826084704001914,0.0024755995123776024,0.0,0.0,0.0024755995123776024
2024-05-16,-0.2891501189280792,-2.1496048400040606,1.0,1.3958320403837408,-0.18095051617580754,0.03455518345076395,20.059137626850628,0.41739152959980863,-0.5826084704001914,0.007384909034110668,0.0,0.0,0.007384909034110668
2024-05-17,-0.27126925901217724,-0.9262461006194564,1.0,1.3958320403837408,-0.20199805071464208,0.013505782759233175,51.32225158042602,0.41739152959980863,-0.5826084704001914,-0.0008211391026645269,0.0,0.0,-0.0008211391026645269
2024-05-21,-0.2732521861482313,-0.9527604140365641,1.0,1.3958320403837408,-0.20199805071464208,0.013505782759233175,51.32225158042602,0.41739152959980863,-0.5826084704001914,0.004210439319608797,0.0,0.0,0.004210439319608797
2024-05-22,-0.263260716164619,-0.8191614724383912,1.0,1.3958320403837408,-0.20199805071464208,0.013505782759233175,51.32225158042602,0.41739152959980863,-0.5826084704001914,-0.004293220459674409,0.0,0.0,-0.004293220459674409
2024-05-23,-0.2734415676475841,-0.9552926908600249,1.0,1.3958320403837408,-0.20199805071464208,0.013505782759233175,51.32225158042602,0.41739152959980863,-0.5826084704001914,0.004507261236497176,0.0,0.0,0.004507261236497176
2024-05-24,-0.2625656504934044,-0.8098675408980076,1.0,1.3958320403837408,-0.20199805071464208,0.013505782759233175,51.32225158042602,0.41739152959980863,-0.5826084704001914,0.002151329108593777,0.0,0.0,0.002151329108593777
2024-05-27,-0.257420217741708,-0.7410664164569887,1.0,1.3958320403837408,-0.20199805071464208,0.013505782759233175,51.32225158042602,0.41739152959980863,-0.5826084704001914,-0.00013693333915882158,0.0,0.0,-0.00013693333915882158
2024-05-28,-0.25775015178543725,-0.7454780635030923,1.0,1.3958320403837408,-0.20199805071464208,0.013505782759233175,51.32225158042602,0.41739152959980863,-0.5826084704001914,0.0009193516355708916,0.0,0.0,0.0009193516355708916
2024-05-29,-0.25554561115570706,-0.7160004896000338,1.0,1.3958320403837408,-0.20199805071464208,0.013505782759233175,51.32225158042602,0.41739152959980863,-0.5826084704001914,0.0035864110007046927,0.0,0.0,0.0035864110007046927
2024-05-30,-0.24686301215371564,-0.5999028544282348,1.0,1.3958320403837408,-0.20199805071464208,0.013505782759233175,51.32225158042602,0.41739152959980863,-0.5826084704001914,0.01238168251030623,0.0,0.0,0.01238168251030623
2024-05-31,-0.21699797091000228,-0.20056843141640116,0.0,1.3958320403837408,-0.20199805071464208,0.013505782759233175,51.32225158042602,0.0,-0.0,-0.0,1.0,0.0007,-0.0007
2024-06-03,-0.2297865726659749,-0.3715686608041462,0.0,1.3958320403837408,-0.20199805071464208,0.013505782759233175,51.32225158042602,0.0,-0.0,-0.0,0.0,0.0,-0.0
2024-06-04,-0.24311061187893568,-0.5497283850072647,0.0,1.3958320403837408,-0.20199805071464208,0.013505782759233175,51.32225158042602,0.0,-0.0,0.0,0.0,0.0,0.0
2024-06-05,-0.22905931723224882,-0.36184431029549374,0.0,1.3958320403837408,-0.20199805071464208,0.013505782759233175,51.32225158042602,0.0,-0.0,0.0,0.0,0.0,0.0
2024-06-06,-0.23094418763077673,-0.38704747766787007,0.0,1.3958320403837408,-0.20199805071464208,0.013505782759233175,51.32225158042602,0.0,-0.0,0.0,0.0,0.0,0.0
2024-06-07,-0.2130861194424174,-0.14826189227693704,0.0,1.3958320403837408,-0.20199805071464208,0.013505782759233175,51.32225158042602,0.0,-0.0,0.0,0.0,0.0,0.0
2024-06-10,-0.22271246548119894,-0.2769786521079074,0.0,1.3958320403837408,-0.20199805071464208,0.013505782759233175,51.32225158042602,0.0,-0.0,0.0,0.0,0.0,0.0
2024-06-11,-0.22299365454208964,-0.28073851536982947,0.0,1.3958320403837408,-0.20199805071464208,0.013505782759233175,51.32225158042602,0.0,-0.0,0.0,0.0,0.0,0.0
2024-06-12,-0.22264205257212666,-0.2760371399838321,0.0,1.3958320403837408,-0.20199805071464208,0.013505782759233175,51.32225158042602,0.0,-0.0,0.0,0.0,0.0,0.0
2024-06-13,-0.23360542534807482,-0.4226316852925044,0.0,1.3958320403837408,-0.20199805071464208,0.013505782759233175,51.32225158042602,0.0,-0.0,0.0,0.0,0.0,0.0
2024-06-14,-0.2202994972239587,-0.24471412988985292,0.0,1.3958320403837408,-0.20199805071464208,0.013505782759233175,51.32225158042602,0.0,-0.0,0.0,0.0,0.0,0.0
2024-06-18,-0.2078850380460473,-0.07871667311892765,0.0,1.3958320403837408,-0.20199805071464208,0.013505782759233175,51.32225158042602,0.0,-0.0,0.0,0.0,0.0,0.0
2024-06-19,-0.19423485333563484,-0.10682420316797497,0.0,1.3958320403837408,-0.1876271513142142,0.020575878694759648,33.687367176036034,0.0,-0.0,0.0,0.0,0.0,0.0
2024-06-20,-0.18624296686558317,0.022377583051289344,0.0,1.3958320403837408,-0.1876271513142142,0.020575878694759648,33.687367176036034,0.0,-0.0,0.0,0.0,0.0,0.0
2024-06-21,-0.18352599709514994,0.0663017990369862,0.0,1.3958320403837408,-0.1876271513142142,0.020575878694759648,33.687367176036034,0.0,-0.0,-0.0,0.0,0.0,-0.0
2024-06-24,-0.18936780754076743,-0.02814052658369501,0.0,1.3958320403837408,-0.1876271513142142,0.020575878694759648,33.687367176036034,0.0,-0.0,0.0,0.0,0.0,0.0
2024-06-25,-0.18761846351957256,0.00014045226871177769,0.0,1.3958320403837408,-0.1876271513142142,0.020575878694759648,33.687367176036034,0.0,-0.0,-0.0,0.0,0.0,-0.0
2024-06-26,-0.19474267814368673,-0.1150340135215917,0.0,1.3958320403837408,-0.1876271513142142,0.020575878694759648,33.687367176036034,0.0,-0.0,0.0,0.0,0.0,0.0
2024-06-27,-0.20183320566015972,-0.22966387266662927,0.0,1.3958320403837408,-0.1876271513142142,0.020575878694759648,33.687367176036034,0.0,-0.0,0.0,0.0,0.0,0.0
2024-06-28,-0.19535231634442862,-0.12488980223662353,0.0,1.3958320403837408,-0.1876271513142142,0.020575878694759648,33.687367176036034,0.0,-0.0,0.0,0.0,0.0,0.0
2024-07-01,-0.20634545828594764,-0.3026117431486527,0.0,1.3958320403837408,-0.1876271513142142,0.020575878694759648,33.687367176036034,0.0,-0.0,0.0,0.0,0.0,0.0
2024-07-02,-0.20119514028388874,-0.21934851262644284,0.0,1.3958320403837408,-0.1876271513142142,0.020575878694759648,33.687367176036034,0.0,-0.0,0.0,0.0,0.0,0.0
2024-07-03,-0.17904760944268716,0.13870218738694085,0.0,1.3958320403837408,-0.1876271513142142,0.020575878694759648,33.687367176036034,0.0,-0.0,0.0,0.0,0.0,0.0
2024-07-04,-0.18433296346209982,0.053255880977527,0.0,1.3958320403837408,-0.1876271513142142,0.020575878694759648,33.687367176036034,0.0,-0.0,0.0,0.0,0.0,0.0
2024-07-05,-0.18309370482996723,0.07329050352367755,0.0,1.3958320403837408,-0.1876271513142142,0.020575878694759648,33.687367176036034,0.0,-0.0,0.0,0.0,0.0,0.0
2024-07-08,-0.16802451717309008,0.316908323851552,0.0,1.3958320403837408,-0.1876271513142142,0.020575878694759648,33.687367176036034,0.0,-0.0,0.0,0.0,0.0,0.0
2024-07-09,-0.16804218798135917,0.3166226466211684,0.0,1.3958320403837408,-0.1876271513142142,0.020575878694759648,33.687367176036034,0.0,-0.0,0.0,0.0,0.0,0.0
2024-07-10,-0.14642799832088915,0.6660510227973663,0.0,1.3958320403837408,-0.1876271513142142,0.020575878694759648,33.687367176036034,0.0,-0.0,0.0,0.0,0.0,0.0
2024-07-11,-0.14891760605394122,0.6258024823180943,0.0,1.3958320403837408,-0.1876271513142142,0.020575878694759648,33.687367176036034,0.0,-0.0,0.0,0.0,0.0,0.0
2024-07-12,-0.20345302876608873,-0.2558509361878046,0.0,1.3958320403837408,-0.1876271513142142,0.020575878694759648,33.687367176036034,0.0,-0.0,0.0,0.0,0.0,0.0
2024-07-15,-0.20127294951425068,-0.2206064248333768,0.0,1.3958320403837408,-0.1876271513142142,0.020575878694759648,33.687367176036034,0.0,-0.0,0.0,0.0,0.0,0.0
2024-07-16,-0.19329746295865124,-0.0916697697879614,0.0,1.3958320403837408,-0.1876271513142142,0.020575878694759648,33.687367176036034,0.0,-0.0,0.0,0.0,0.0,0.0
2024-07-18,-0.21999148169904092,-0.5232218089157852,0.0,1.3958320403837408,-0.1876271513142142,0.020575878694759648,33.687367176036034,0.0,-0.0,0.0,0.0,0.0,0.0
2024-07-19,-0.19931270518032296,-0.10704214127653851,0.0,1.3958320403837408,-0.19283734855583304,0.023513085762677067,29.479209473228558,0.0,-0.0,0.0,0.0,0.0,0.0
2024-07-22,-0.18448745084596752,0.13802960703719955,0.0,1.3958320403837408,-0.19283734855583304,0.023513085762677067,29.479209473228558,0.0,-0.0,0.0,0.0,0.0,0.0
2024-07-23,-0.1750796886037742,0.293546449339961,0.0,1.3958320403837408,-0.19283734855583304,0.023513085762677067,29.479209473228558,0.0,-0.0,-0.0,0.0,0.0,-0.0
2024-07-24,-0.17795165412875402,0.24607086501406242,0.0,1.3958320403837408,-0.19283734855583304,0.023513085762677067,29.479209473228558,0.0,-0.0,-0.0,0.0,0.0,-0.0
2024-07-25,-0.1881831315567144,0.07693743872995853,0.0,1.3958320403837408,-0.19283734855583304,0.023513085762677067,29.479209473228558,0.0,-0.0,0.0,0.0,0.0,0.0
2024-07-26,-0.1799394446812954,0.2132113069244622,0.0,1.3958320403837408,-0.19283734855583304,0.023513085762677067,29.479209473228558,0.0,-0.0,0.0,0.0,0.0,0.0
2024-07-29,-0.18195054315105974,0.17996645277891912,0.0,1.3958320403837408,-0.19283734855583304,0.023513085762677067,29.479209473228558,0.0,-0.0,0.0,0.0,0.0,0.0
2024-07-30,-0.17369528033311,0.31643167934140837,0.0,1.3958320403837408,-0.19283734855583304,0.023513085762677067,29.479209473228558,0.0,-0.0,-0.0,0.0,0.0,-0.0
2024-07-31,-0.18482854520012726,0.13239108051828785,0.0,1.3958320403837408,-0.19283734855583304,0.023513085762677067,29.479209473228558,0.0,-0.0,-0.0,0.0,0.0,-0.0
2024-08-01,-0.196975396913043,-0.06840481266875532,0.0,1.3958320403837408,-0.19283734855583304,0.023513085762677067,29.479209473228558,0.0,-0.0,0.0,0.0,0.0,0.0
2024-08-02,-0.1773874438140215,0.2553976532855944,0.0,1.3958320403837408,-0.19283734855583304,0.023513085762677067,29.479209473228558,0.0,-0.0,0.0,0.0,0.0,0.0
2024-08-05,-0.17383132896274667,0.31418270102584017,0.0,1.3958320403837408,-0.19283734855583304,0.023513085762677067,29.479209473228558,0.0,-0.0,-0.0,0.0,0.0,-0.0
2024-08-06,-0.17970300774916748,0.21711977358653173,0.0,1.3958320403837408,-0.19283734855583304,0.023513085762677067,29.479209473228558,0.0,-0.0,0.0,0.0,0.0,0.0
2024-08-07,-0.1665642859066443,0.4343119687378365,0.0,1.3958320403837408,-0.19283734855583304,0.023513085762677067,29.479209473228558,0.0,-0.0,0.0,0.0,0.0,0.0
2024-08-08,-0.18470487901635924,0.13443536840568585,0.0,1.3958320403837408,-0.19283734855583304,0.023513085762677067,29.479209473228558,0.0,-0.0,0.0,0.0,0.0,0.0
2024-08-09,-0.18767072265506712,0.08540791367400137,0.0,1.3958320403837408,-0.19283734855583304,0.023513085762677067,29.479209473228558,0.0,-0.0,0.0,0.0,0.0,0.0
2024-08-12,-0.16176387444186968,0.5136661034976956,0.0,1.3958320403837408,-0.19283734855583304,0.023513085762677067,29.479209473228558,0.0,-0.0,0.0,0.0,0.0,0.0
2024-08-13,-0.16216882097520902,0.5069720561201014,0.0,1.3958320403837408,-0.19283734855583304,0.023513085762677067,29.479209473228558,0.0,-0.0,0.0,0.0,0.0,0.0
2024-08-14,-0.18023268226668065,0.20836388602355224,0.0,1.3958320403837408,-0.19283734855583304,0.023513085762677067,29.479209473228558,0.0,-0.0,0.0,0.0,0.0,0.0
2024-08-16,-0.19955632997721473,-0.11106942833417008,0.0,1.3958320403837408,-0.19283734855583304,0.023513085762677067,29.479209473228558,0.0,-0.0,0.0,0.0,0.0,0.0
2024-08-19,-0.21959487028785762,-0.4423204137694955,0.0,1.3958320403837408,-0.19283734855583304,0.023513085762677067,29.479209473228558,0.0,-0.0,0.0,0.0,0.0,0.0
2024-08-20,-0.22594839587193594,-0.5531429476811007,0.0,1.3958320403837408,-0.19293388584529567,0.022645430151291928,30.608700118703688,0.0,-0.0,0.0,0.0,0.0,0.0
2024-08-21,-0.2343565074932723,-0.6940169949683327,0.0,1.3958320403837408,-0.19293388584529567,0.022645430151291928,30.608700118703688,0.0,-0.0,0.0,0.0,0.0,0.0
2024-08-22,-0.21506937175864937,-0.37086989679949445,0.0,1.3958320403837408,-0.19293388584529567,0.022645430151291928,30.608700118703688,0.0,-0.0,0.0,0.0,0.0,0.0
2024-08-23,-0.21290598158675422,-0.33462328839304567,0.0,1.3958320403837408,-0.19293388584529567,0.022645430151291928,30.608700118703688,0.0,-0.0,0.0,0.0,0.0,0.0
2024-08-26,-0.21739212989371648,-0.40978664221066435,0.0,1.3958320403837408,-0.19293388584529567,0.022645430151291928,30.608700118703688,0.0,-0.0,0.0,0.0,0.0,0.0
2024-08-27,-0.20306351968526215,-0.16971736114356906,0.0,1.3958320403837408,-0.19293388584529567,0.022645430151291928,30.608700118703688,0.0,-0.0,0.0,0.0,0.0,0.0
2024-08-28,-0.18550544789713186,0.1244600649834823,0.0,1.3958320403837408,-0.19293388584529567,0.022645430151291928,30.608700118703688,0.0,-0.0,-0.0,0.0,0.0,-0.0
2024-08-29,-0.1902550155170557,0.04488324159959937,0.0,1.3958320403837408,-0.19293388584529567,0.022645430151291928,30.608700118703688,0.0,-0.0,0.0,0.0,0.0,0.0
2024-08-30,-0.19783444774207126,-0.08210666312142133,0.0,1.3958320403837408,-0.19293388584529567,0.022645430151291928,30.608700118703688,0.0,-0.0,0.0,0.0,0.0,0.0
2024-09-02,-0.17713016433060513,0.2647840932945312,0.0,1.3958320403837408,-0.19293388584529567,0.022645430151291928,30.608700118703688,0.0,-0.0,0.0,0.0,0.0,0.0
2024-09-03,-0.18634766396987512,0.11034912162295116,0.0,1.3958320403837408,-0.19293388584529567,0.022645430151291928,30.608700118703688,0.0,-0.0,0.0,0.0,0.0,0.0
2024-09-04,-0.1858024741963744,0.11948352580209635,0.0,1.3958320403837408,-0.19293388584529567,0.022645430151291928,30.608700118703688,0.0,-0.0,0.0,0.0,0.0,0.0
2024-09-05,-0.17922338765723467,0.22971309814384136,0.0,1.3958320403837408,-0.19293388584529567,0.022645430151291928,30.608700118703688,0.0,-0.0,0.0,0.0,0.0,0.0
2024-09-06,-0.18954658482461983,0.05675267237793091,0.0,1.3958320403837408,-0.19293388584529567,0.022645430151291928,30.608700118703688,0.0,-0.0,0.0,0.0,0.0,0.0
2024-09-09,-0.19108266833654675,0.03101629885653184,0.0,1.3958320403837408,-0.19293388584529567,0.022645430151291928,30.608700118703688,0.0,-0.0,0.0,0.0,0.0,0.0
2024-09-10,-0.1999801185403891,-0.1180563915643721,0.0,1.3958320403837408,-0.19293388584529567,0.022645430151291928,30.608700118703688,0.0,-0.0,0.0,0.0,0.0,0.0
2024-09-11,-0.1922524171993505,0.011417694076519477,0.0,1.3958320403837408,-0.19293388584529567,0.022645430151291928,30.608700118703688,0.0,-0.0,0.0,0.0,0.0,0.0
2024-09-12,-0.18327349069820098,0.1618554824262508,0.0,1.3958320403837408,-0.19293388584529567,0.022645430151291928,30.608700118703688,0.0,-0.0,-0.0,0.0,0.0,-0.0
2024-09-13,-0.18804757580262432,0.08186787985361617,0.0,1.3958320403837408,-0.19293388584529567,0.022645430151291928,30.608700118703688,0.0,-0.0,0.0,0.0,0.0,0.0
2024-09-16,-0.1820004047374395,0.1831854528065107,0.0,1.3958320403837408,-0.19293388584529567,0.022645430151291928,30.608700118703688,0.0,-0.0,0.0,0.0,0.0,0.0
2024-09-17,-0.17846928676155915,0.24234771219524853,0.0,1.3958320403837408,-0.19293388584529567,0.022645430151291928,30.608700118703688,0.0,-0.0,0.0,0.0,0.0,0.0
2024-09-18,-0.1595835106536576,0.8431585173176597,0.0,1.3958320403837408,-0.20080757208690053,0.034233389519530324,20.24769356141323,0.0,-0.0,0.0,0.0,0.0,0.0
2024-09-19,-0.14234931776441861,1.1956506303810135,0.0,1.3958320403837408,-0.20080757208690053,0.034233389519530324,20.24769356141323,0.0,-0.0,0.0,0.0,0.0,0.0
2024-09-20,-0.13261028062130276,1.3948438159187544,0.0,1.3958320403837408,-0.20080757208690053,0.034233389519530324,20.24769356141323,0.0,-0.0,0.0,0.0,0.0,0.0
2024-09-23,-0.1321494852848808,1.4042684941075736,0.0,1.3958320403837408,-0.20080757208690053,0.034233389519530324,20.24769356141323,0.0,-0.0,0.0,0.0,0.0,0.0
2024-09-24,-0.13193186553167813,1.4087194856418874,0.0,1.3958320403837408,-0.20080757208690053,0.034233389519530324,20.24769356141323,0.0,-0.0,-0.0,0.0,0.0,-0.0
2024-09-25,-0.13479835611305813,1.3500909598617368,0.0,1.3958320403837408,-0.20080757208690053,0.034233389519530324,20.24769356141323,0.0,-0.0,0.0,0.0,0.0,0.0
2024-09-26,-0.13797405176902444,1.2851382417732307,0.0,1.3958320403837408,-0.20080757208690053,0.034233389519530324,20.24769356141323,0.0,-0.0,0.0,0.0,0.0,0.0
2024-09-27,-0.13981715512973736,1.2474411240499212,0.0,1.3958320403837408,-0.20080757208690053,0.034233389519530324,20.24769356141323,0.0,-0.0,0.0,0.0,0.0,0.0
2024-09-30,-0.1432045228045462,1.1781590638403354,0.0,1.3958320403837408,-0.20080757208690053,0.034233389519530324,20.24769356141323,0.0,-0.0,0.0,0.0,0.0,0.0
2024-10-01,-0.13432201875819416,1.359833520005174,0.0,1.3958320403837408,-0.20080757208690053,0.034233389519530324,20.24769356141323,0.0,-0.0,0.0,0.0,0.0,0.0
2024-10-03,-0.12201939465461997,1.6114599230728086,0.0,1.3958320403837408,-0.20080757208690053,0.034233389519530324,20.24769356141323,0.0,-0.0,0.0,0.0,0.0,0.0
2024-10-04,-0.11544829161159598,1.7458591381494157,0.0,1.3958320403837408,-0.20080757208690053,0.034233389519530324,20.24769356141323,0.0,-0.0,0.0,0.0,0.0,0.0
2024-10-07,-0.11380955098446677,1.7793764110575203,0.0,1.3958320403837408,-0.20080757208690053,0.034233389519530324,20.24769356141323,0.0,-0.0,0.0,0.0,0.0,0.0
2024-10-08,-0.10005206053786875,2.0607592938612864,-1.0,1.3958320403837408,-0.20080757208690053,0.034233389519530324,20.24769356141323,-0.41739152959980863,0.5826084704001914,-0.0009407306503671789,1.0,0.0007,-0.001640730650367179
2024-10-09,-0.09780054390702109,2.106809715827976,-1.0,1.3958320403837408,-0.20080757208690053,0.034233389519530324,20.24769356141323,-0.41739152959980863,0.5826084704001914,0.003713693519650072,0.0,0.0,0.003713693519650072
2024-10-10,-0.10682373804495349,1.922257715702306,-1.0,1.3958320403837408,-0.20080757208690053,0.034233389519530324,20.24769356141323,-0.41739152959980863,0.5826084704001914,-0.014279045119273049,0.0,0.0,-0.014279045119273049
2024-10-11,-0.07240674049308282,2.6261908949537807,-1.0,1.3958320403837408,-0.20080757208690053,0.034233389519530324,20.24769356141323,-0.41739152959980863,0.5826084704001914,-0.00689575691226373,0.0,0.0,-0.00689575691226373
2024-10-14,-0.055954287076934506,2.962694037689036,-1.0,1.3958320403837408,-0.20080757208690053,0.034233389519530324,20.24769356141323,-0.41739152959980863,0.5826084704001914,-0.002880922613304013,0.0,0.0,-0.002880922613304013
2024-10-15,-0.04903597922753633,3.104194656158952,-1.0,1.3958320403837408,-0.20080757208690053,0.034233389519530324,20.24769356141323,-0.41739152959980863,0.5826084704001914,0.005258672679465268,0.0,0.0,0.005258672679465268
2024-10-16,-0.061818000014048025,2.8427631203038275,-1.0,1.3958320403837408,-0.20080757208690053,0.034233389519530324,20.24769356141323,-0.41739152959980863,0.5826084704001914,-0.008435339100364985,0.0,0.0,-0.008435339100364985
2024-10-17,-0.0419075032783196,3.24999385699241,-1.0,1.3958320403837408,-0.20080757208690053,0.034233389519530324,20.24769356141323,-0.41739152959980863,0.5826084704001914,0.02218724158598029,0.0,0.0,0.02218724158598029
2024-10-18,-0.0960828714615678,0.6465224010216996,-1.0,1.3958320403837408,-0.14874146791601334,0.01264683315711141,54.80796432980405,-0.41739152959980863,0.5826084704001914,-0.00014195034642337703,0.0,0.0,-0.00014195034642337703
2024-10-21,-0.09576863698720306,0.6503804534676252,-1.0,1.3958320403837408,-0.14874146791601334,0.01264683315711141,54.80796432980405,-0.41739152959980863,0.5826084704001914,-0.008930164933146537,0.0,0.0,-0.008930164933146537
2024-10-22,-0.07419818331231287,0.9152143541030459,-1.0,1.3958320403837408,-0.14874146791601334,0.01264683315711141,54.80796432980405,-0.41739152959980863,0.5826084704001914,0.0024491269016375513,0.0,0.0,0.0024491269016375513
2024-10-23,-0.0800240998280124,0.8436859468250344,-1.0,1.3958320403837408,-0.14874146791601334,0.01264683315711141,54.80796432980405,-0.41739152959980863,0.5826084704001914,-0.0003901195371695844,0.0,0.0,-0.0003901195371695844
2024-10-24,-0.07908962316333046,0.8551590991235688,-1.0,1.3958320403837408,-0.14874146791601334,0.01264683315711141,54.80796432980405,-0.41739152959980863,0.5826084704001914,0.0016801251305871494,0.0,0.0,0.0016801251305871494
2024-10-25,-0.08311120384668857,0.8057836471675629,-1.0,1.3958320403837408,-0.14874146791601334,0.01264683315711141,54.80796432980405,-0.41739152959980863,0.5826084704001914,0.004041786739887781,0.0,0.0,0.004041786739887781
2024-10-28,-0.09274946187343236,0.6874487476320665,-1.0,1.3958320403837408,-0.14874146791601334,0.01264683315711141,54.80796432980405,-0.41739152959980863,0.5826084704001914,-0.0010789491280920925,0.0,0.0,-0.0010789491280920925
2024-10-29,-0.09015806067219678,0.7192649949200608,-1.0,1.3958320403837408,-0.14874146791601334,0.01264683315711141,54.80796432980405,-0.41739152959980863,0.5826084704001914,0.009785659469750812,0.0,0.0,0.009785659469750812
2024-10-30,-0.11380647835113233,0.4289186353968633,0.0,1.3958320403837408,-0.14874146791601334,0.01264683315711141,54.80796432980405,0.0,-0.0,0.0,1.0,0.0007,-0.0007
2024-10-31,-0.09872460959680485,0.6140881358292809,0.0,1.3958320403837408,-0.14874146791601334,0.01264683315711141,54.80796432980405,0.0,-0.0,0.0,0.0,0.0,0.0
2024-11-01,-0.10220707055403988,0.5713317926843651,0.0,1.3958320403837408,-0.14874146791601334,0.01264683315711141,54.80796432980405,0.0,-0.0,0.0,0.0,0.0,0.0
2024-11-04,-0.09357592879079046,0.6773016983038983,0.0,1.3958320403837408,-0.14874146791601334,0.01264683315711141,54.80796432980405,0.0,-0.0,-0.0,0.0,0.0,-0.0
2024-11-05,-0.10148155800727121,0.580239362298645,0.0,1.3958320403837408,-0.14874146791601334,0.01264683315711141,54.80796432980405,0.0,-0.0,0.0,0.0,0.0,0.0
2024-11-06,-0.12056137087374985,0.3459846108232267,0.0,1.3958320403837408,-0.14874146791601334,0.01264683315711141,54.80796432980405,0.0,-0.0,-0.0,0.0,0.0,-0.0
2024-11-07,-0.13573721413647633,0.1596613267942883,0.0,1.3958320403837408,-0.14874146791601334,0.01264683315711141,54.80796432980405,0.0,-0.0,0.0,0.0,0.0,0.0
2024-11-08,-0.11961610650719212,0.35759021045966677,0.0,1.3958320403837408,-0.14874146791601334,0.01264683315711141,54.80796432980405,0.0,-0.0,0.0,0.0,0.0,0.0
2024-11-11,-0.12056874919395888,0.34589402258847995,0.0,1.3958320403837408,-0.14874146791601334,0.01264683315711141,54.80796432980405,0.0,-0.0,0.0,0.0,0.0,0.0
2024-11-12,-0.11546992997043937,0.4084954033453181,0.0,1.3958320403837408,-0.14874146791601334,0.01264683315711141,54.80796432980405,0.0,-0.0,0.0,0.0,0.0,0.0
2024-11-13,-0.09994955493153146,0.5990487186732826,0.0,1.3958320403837408,-0.14874146791601334,0.01264683315711141,54.80796432980405,0.0,-0.0,0.0,0.0,0.0,0.0
2024-11-14,-0.10051468545501496,0.592110259095286,0.0,1.3958320403837408,-0.14874146791601334,0.01264683315711141,54.80796432980405,0.0,-0.0,0.0,0.0,0.0,0.0
2024-11-18,-0.08618867223288351,0.7679996501741687,0.0,1.3958320403837408,-0.14874146791601334,0.01264683315711141,54.80796432980405,0.0,-0.0,0.0,0.0,0.0,0.0
2024-11-19,-0.0858184614977171,1.464924400826208,0.0,1.3958320403837408,-0.1801869303224656,0.021091158054436208,32.8643490685023,0.0,-0.0,0.0,0.0,0.0,0.0
2024-11-21,-0.09219427235530997,1.3659498066989482,0.0,1.3958320403837408,-0.1801869303224656,0.021091158054436208,32.8643490685023,0.0,-0.0,0.0,0.0,0.0,0.0
2024-11-22,-0.11333774334217672,1.037730148665256,0.0,1.3958320403837408,-0.1801869303224656,0.021091158054436208,32.8643490685023,0.0,-0.0,-0.0,0.0,0.0,-0.0
2024-11-25,-0.14295058913853875,0.5780365568834869,0.0,1.3958320403837408,-0.1801869303224656,0.021091158054436208,32.8643490685023,0.0,-0.0,0.0,0.0,0.0,0.0
2024-11-26,-0.13699422192605404,0.6704999376982629,0.0,1.3958320403837408,-0.1801869303224656,0.021091158054436208,32.8643490685023,0.0,-0.0,0.0,0.0,0.0,0.0
2024-11-27,-0.1303355811787199,0.773865028057208,0.0,1.3958320403837408,-0.1801869303224656,0.021091158054436208,32.8643490685023,0.0,-0.0,0.0,0.0,0.0,0.0
2024-11-28,-0.1376999540701611,0.6595445385991231,0.0,1.3958320403837408,-0.1801869303224656,0.021091158054436208,32.8643490685023,0.0,-0.0,0.0,0.0,0.0,0.0
2024-11-29,-0.1455609070120456,0.5375154125390305,0.0,1.3958320403837408,-0.1801869303224656,0.021091158054436208,32.8643490685023,0.0,-0.0,0.0,0.0,0.0,0.0
2024-12-02,-0.13570969143351785,0.6904402852058201,0.0,1.3958320403837408,-0.1801869303224656,0.021091158054436208,32.8643490685023,0.0,-0.0,0.0,0.0,0.0,0.0
2024-12-03,-0.1376806100709782,0.6598448242428928,0.0,1.3958320403837408,-0.1801869303224656,0.021091158054436208,32.8643490685023,0.0,-0.0,-0.0,0.0,0.0,-0.0
2024-12-04,-0.15584369944371623,0.37789097728661813,0.0,1.3958320403837408,-0.1801869303224656,0.021091158054436208,32.8643490685023,0.0,-0.0,0.0,0.0,0.0,0.0
2024-12-05,-0.16670765513984787,0.20924488196516514,0.0,1.3958320403837408,-0.1801869303224656,0.021091158054436208,32.8643490685023,0.0,-0.0,0.0,0.0,0.0,0.0
2024-12-06,-0.1673505636776449,0.19926472210618298,0.0,1.3958320403837408,-0.1801869303224656,0.021091158054436208,32.8643490685023,0.0,-0.0,0.0,0.0,0.0,0.0
2024-12-09,-0.16878706767430707,0.17696522119446628,0.0,1.3958320403837408,-0.1801869303224656,0.021091158054436208,32.8643490685023,0.0,-0.0,0.0,0.0,0.0,0.0
2024-12-10,-0.14976752628966583,0.47221415989058574,0.0,1.3958320403837408,-0.1801869303224656,0.021091158054436208,32.8643490685023,0.0,-0.0,0.0,0.0,0.0,0.0
2024-12-11,-0.13510815734372006,0.6997781708051939,0.0,1.3958320403837408,-0.1801869303224656,0.021091158054436208,32.8643490685023,0.0,-0.0,0.0,0.0,0.0,0.0
2024-12-12,-0.137263305214268,0.6663228361762363,0.0,1.3958320403837408,-0.1801869303224656,0.021091158054436208,32.8643490685023,0.0,-0.0,0.0,0.0,0.0,0.0
2024-12-13,-0.13681691125828976,0.6732524113472426,0.0,1.3958320403837408,-0.1801869303224656,0.021091158054436208,32.8643490685023,0.0,-0.0,0.0,0.0,0.0,0.0
2024-12-16,-0.1282566151857516,0.8061377569624847,0.0,1.3958320403837408,-0.1801869303224656,0.021091158054436208,32.8643490685023,0.0,-0.0,0.0,0.0,0.0,0.0
2024-12-17,-0.10231827571639851,1.2087903259697697,0.0,1.3958320403837408,-0.1801869303224656,0.021091158054436208,32.8643490685023,0.0,-0.0,0.0,0.0,0.0,0.0
2024-12-18,-0.10725515174005196,1.132152967740141,0.0,1.3958320403837408,-0.1801869303224656,0.021091158054436208,32.8643490685023,0.0,-0.0,0.0,0.0,0.0,0.0
2024-12-19,-0.09944535673900301,1.2384772229272856,0.0,1.3958320403837408,-0.1785831457145601,0.02238424146499095,30.965855226500768,0.0,-0.0,0.0,0.0,0.0,0.0
2024-12-20,-0.07828090772021312,1.5696930476917719,0.0,1.3958320403837408,-0.1785831457145601,0.02238424146499095,30.965855226500768,0.0,-0.0,0.0,0.0,0.0,0.0
2024-12-23,-0.07314079631068182,1.6501338963232566,0.0,1.3958320403837408,-0.1785831457145601,0.02238424146499095,30.965855226500768,0.0,-0.0,-0.0,0.0,0.0,-0.0
2024-12-24,-0.08819566205043738,1.414530797547343,0.0,1.3958320403837408,-0.1785831457145601,0.02238424146499095,30.965855226500768,0.0,-0.0,0.0,0.0,0.0,0.0
2024-12-26,-0.08558256982137014,1.455424727602776,0.0,1.3958320403837408,-0.1785831457145601,0.02238424146499095,30.965855226500768,0.0,-0.0,0.0,0.0,0.0,0.0
2024-12-27,-0.07926901674226894,1.554229505767912,0.0,1.3958320403837408,-0.1785831457145601,0.02238424146499095,30.965855226500768,0.0,-0.0,0.0,0.0,0.0,0.0
2024-12-30,-0.08286397671010803,1.4979697075711331,0.0,1.3958320403837408,-0.1785831457145601,0.02238424146499095,30.965855226500768,0.0,-0.0,0.0,0.0,0.0,0.0
2024-12-31,-0.07495158766236898,1.6217956792266062,0.0,1.3958320403837408,-0.1785831457145601,0.02238424146499095,30.965855226500768,0.0,-0.0,0.0,0.0,0.0,0.0
