date,spread,zscore,position,beta,gross_return,turnover,cost,net_return
2023-01-02,0.05077238306509102,0.4135567495861045,0.0,1.3958320403837408,-0.0,0.0,0.0,-0.0
2023-01-03,0.02862618227518343,-0.11254665521988383,0.0,1.3958320403837408,-0.0,0.0,0.0,-0.0
2023-01-04,0.008841968633280572,-0.583426211382228,0.0,1.3958320403837408,0.0,0.0,0.0,0.0
2023-01-05,-0.002861391515313727,-0.859425514690987,0.0,1.3958320403837408,0.0,0.0,0.0,0.0
2023-01-06,0.021483813793786055,-0.26879423084040793,0.0,1.3958320403837408,0.0,0.0,0.0,0.0
2023-01-09,-0.000336534345667161,-0.7925304983960183,0.0,1.3958320403837408,0.0,0.0,0.0,0.0
2023-01-10,0.003888975032444897,-0.6904381053302737,0.0,1.3958320403837408,0.0,0.0,0.0,0.0
2023-01-11,-0.012942240137246763,-1.093752810158162,0.0,1.3958320403837408,0.0,0.0,0.0,0.0
2023-01-12,-0.00897460027205721,-0.9979431073648248,0.0,1.3958320403837408,0.0,0.0,0.0,0.0
2023-01-13,-0.010254532152752738,-1.0269444196434345,0.0,1.3958320403837408,0.0,0.0,0.0,0.0
2023-01-16,-0.010346651944280971,-1.0290859555155396,0.0,1.3958320403837408,0.0,0.0,0.0,0.0
2023-01-17,-0.019656477535187733,-1.2467370863634444,0.0,1.3958320403837408,0.0,0.0,0.0,0.0
2023-01-18,-0.02061579109722267,-1.2624268092472215,0.0,1.3958320403837408,0.0,0.0,0.0,0.0
2023-01-19,-0.017854798441630848,-1.190444992835641,0.0,1.3958320403837408,0.0,0.0,0.0,0.0
2023-01-20,-0.022423284925317866,-1.2957003978731203,0.0,1.3958320403837408,0.0,0.0,0.0,0.0
2023-01-23,-0.029149822414292537,-1.4505854862854317,0.0,1.3958320403837408,0.0,0.0,0.0,0.0
2023-01-24,-0.03535366734369383,-1.591345535599718,0.0,1.3958320403837408,0.0,0.0,0.0,0.0
2023-01-25,-0.03844190033963191,-1.6540622809933796,0.0,1.3958320403837408,0.0,0.0,0.0,0.0
2023-01-27,-0.04638820418118961,-1.8352526253228638,0.0,1.3958320403837408,0.0,0.0,0.0,0.0
2023-01-30,-0.04275381868470962,-1.7426340210106324,0.0,1.3958320403837408,0.0,0.0,0.0,0.0
2023-01-31,-0.015234993245202055,-1.0956606049881197,0.0,1.3958320403837408,0.0,0.0,0.0,0.0
2023-02-01,-0.024469600340387032,-1.3114648418509438,0.0,1.3958320403837408,0.0,0.0,0.0,0.0
2023-02-02,-0.024793408177777643,-1.3192201606718714,0.0,1.3958320403837408,0.0,0.0,0.0,0.0
2023-02-03,-0.0237664063567955,-1.292482185683538,0.0,1.3958320403837408,0.0,0.0,0.0,0.0
2023-02-06,-0.033427266589346694,-1.5163480041943336,0.0,1.3958320403837408,-0.0,0.0,0.0,-0.0
2023-02-07,-0.04325821413830688,-1.744247004174781,0.0,1.3958320403837408,0.0,0.0,0.0,0.0
2023-02-08,-0.044416388475267965,-1.7717798843842982,0.0,1.3958320403837408,0.0,0.0,0.0,0.0
2023-02-09,-0.03609626394172771,-1.5759531058851024,0.0,1.3958320403837408,0.0,0.0,0.0,0.0
2023-02-10,-0.04003393882472572,-1.6696487591089935,0.0,1.3958320403837408,0.0,0.0,0.0,0.0
2023-02-13,-0.04398494840458955,-1.7573868555926784,0.0,1.3958320403837408,0.0,0.0,0.0,0.0
2023-02-14,-0.034735668004249654,-1.5351118662166015,0.0,1.3958320403837408,0.0,0.0,0.0,0.0
2023-02-15,-0.04052482407550695,-1.6617900662576996,0.0,1.3958320403837408,0.0,0.0,0.0,0.0
2023-02-16,-0.05230489089425561,-1.9236722835210622,0.0,1.3958320403837408,0.0,0.0,0.0,0.0
2023-02-17,-0.041103266765650126,-1.6622933834043214,0.0,1.3958320403837408,0.0,0.0,0.0,0.0
2023-02-20,-0.03012402826354421,-1.4098546790552198,0.0,1.3958320403837408,0.0,0.0,0.0,0.0
2023-02-21,-0.023683632388715736,-1.2651772098211254,0.0,1.3958320403837408,0.0,0.0,0.0,0.0
2023-02-22,-0.014807116752741933,-1.0636180216735087,0.0,1.3958320403837408,-0.0,0.0,0.0,-0.0
2023-02-23,-0.026957715923853875,-1.3548040855942936,0.0,1.3958320403837408,0.0,0.0,0.0,0.0
2023-02-24,-0.02152060929306643,-1.224708415910119,0.0,1.3958320403837408,0.0,0.0,0.0,0.0
2023-02-27,-0.020101439302294466,-1.1825001172389429,0.0,1.3958320403837408,0.0,0.0,0.0,0.0
2023-02-28,-0.026634804010003954,-1.3237967635752337,0.0,1.3958320403837408,0.0,0.0,0.0,0.0
2023-03-01,-0.05129845917814446,-1.8820015723963213,0.0,1.3958320403837408,0.0,0.0,0.0,0.0
2023-03-02,-0.04065987832614226,-1.6167379947620422,0.0,1.3958320403837408,0.0,0.0,0.0,0.0
2023-03-03,-0.04448702556762196,-1.6882826013506294,0.0,1.3958320403837408,0.0,0.0,0.0,0.0
2023-03-06,-0.03798586727265185,-1.5239248722222296,0.0,1.3958320403837408,-0.0,0.0,0.0,-0.0
2023-03-08,-0.05547673546676446,-1.9046466018767267,0.0,1.3958320403837408,0.0,0.0,0.0,0.0
2023-03-09,-0.04152845222358614,-1.569561754083813,0.0,1.3958320403837408,0.0,0.0,0.0,0.0
2023-03-10,-0.0450751610564426,-1.6352774107759676,0.0,1.3958320403837408,0.0,0.0,0.0,0.0
2023-03-13,-0.04944979496136881,-1.716685117775831,0.0,1.3958320403837408,0.0,0.0,0.0,0.0
2023-03-14,-0.03123727060967063,-1.2943573205822463,0.0,1.3958320403837408,0.0,0.0,0.0,0.0
2023-03-15,-0.024497860832588536,-1.1341312835216169,0.0,1.3958320403837408,0.0,0.0,0.0,0.0
2023-03-16,-0.029433523492769176,-1.2352708278162867,0.0,1.3958320403837408,0.0,0.0,0.0,0.0
2023-03-17,-0.015179851497790331,-0.9093359158296294,0.0,1.3958320403837408,0.0,0.0,0.0,0.0
2023-03-20,-0.011358306800617335,-0.8169530687762622,0.0,1.3958320403837408,0.0,0.0,0.0,0.0
2023-03-21,-0.004008938925782246,-0.6451750957844791,0.0,1.3958320403837408,-0.0,0.0,0.0,-0.0
2023-03-22,-0.01610808312292278,-0.9120418770293823,0.0,1.3958320403837408,0.0,0.0,0.0,0.0
2023-03-23,-0.02400091204766852,-1.0837135984180473,0.0,1.3958320403837408,0.0,0.0,0.0,0.0
2023-03-24,-0.017717899817110805,-0.9331132647688617,0.0,1.3958320403837408,0.0,0.0,0.0,0.0
2023-03-27,-0.012529235185035681,-0.808045650975032,0.0,1.3958320403837408,0.0,0.0,0.0,0.0
2023-03-28,-0.01787064702494323,-0.9226152738991408,0.0,1.3958320403837408,0.0,0.0,0.0,0.0
2023-03-29,-0.02382608402377695,-1.050496569996159,0.0,1.3958320403837408,0.0,0.0,0.0,0.0
2023-03-31,-0.02171933064021836,-0.9943744096472364,0.0,1.3958320403837408,0.0,0.0,0.0,0.0
2023-04-03,-0.031196031931614243,-1.2023747852836806,0.0,1.3958320403837408,0.0,0.0,0.0,0.0
2023-04-05,-0.03948809545197385,-1.3820012112028948,0.0,1.3958320403837408,0.0,0.0,0.0,0.0
2023-04-06,-0.0323942183802437,-1.209333979201008,0.0,1.3958320403837408,0.0,0.0,0.0,0.0
2023-04-10,-0.04677781595628705,-1.527001123470433,0.0,1.3958320403837408,0.0,0.0,0.0,0.0
2023-04-11,-0.040539357727783276,-1.3711627832920508,0.0,1.3958320403837408,0.0,0.0,0.0,0.0
2023-04-12,-0.03695357772258312,-1.2789990527379984,0.0,1.3958320403837408,0.0,0.0,0.0,0.0
2023-04-13,-0.04178834927721464,-1.3778279388154053,0.0,1.3958320403837408,0.0,0.0,0.0,0.0
2023-04-17,-0.11898397723095844,-3.1000646653759496,1.0,1.3958320403837408,0.001972074532912096,1.0,0.0007,0.0012720745329120957
2023-04-18,-0.11425413454777633,-2.9260711908641546,1.0,1.3958320403837408,-0.0013408394606795413,0.0,0.0,-0.0013408394606795413
2023-04-19,-0.11758071065025444,-2.9380850085143226,1.0,1.3958320403837408,-0.005847046711251606,0.0,0.0,-0.005847046711251606
2023-04-20,-0.13159804040159528,-3.177617827314293,1.0,1.3958320403837408,-0.009169960632408181,0.0,0.0,-0.009169960632408181
2023-04-21,-0.15334817765806186,-3.5579568732306064,0.0,1.3958320403837408,0.0,1.0,0.0007,-0.0007
2023-04-24,-0.16035080470830998,-3.60306626559134,1.0,1.3958320403837408,-0.000696863262389079,1.0,0.0007,-0.0013968632623890791
2023-04-25,-0.16202092434769888,-3.538094921015395,0.0,1.3958320403837408,0.0,1.0,0.0007,-0.0007
2023-04-26,-0.16956077077539433,-3.5962872459011814,1.0,1.3958320403837408,0.008216458261132886,1.0,0.0007,0.0075164582611328854
2023-04-27,-0.1499832668728498,-3.132785241993527,1.0,1.3958320403837408,-0.003543181537583608,0.0,0.0,-0.003543181537583608
2023-04-28,-0.15841884971555853,-3.2354359291700776,1.0,1.3958320403837408,0.008202537430211633,0.0,0.0,0.008202537430211633
2023-05-02,-0.1389588016455825,-2.8114727597469833,1.0,1.3958320403837408,0.00443617161878891,0.0,0.0,0.00443617161878891
2023-05-03,-0.1282457532329193,-2.5701539932491126,1.0,1.3958320403837408,-0.006028036400366763,0.0,0.0,-0.006028036400366763
2023-05-04,-0.14257999490064677,-2.7979797904919543,1.0,1.3958320403837408,-0.006544903834163772,0.0,0.0,-0.006544903834163772
2023-05-05,-0.15831863192801876,-3.034390889791457,1.0,1.3958320403837408,-0.001433943354386485,0.0,0.0,-0.001433943354386485
2023-05-08,-0.16174102675348134,-3.037434180847017,1.0,1.3958320403837408,-0.004169867934674101,0.0,0.0,-0.004169867934674101
2023-05-09,-0.1716694848341378,-3.1554153900188884,1.0,1.3958320403837408,-0.0030769511885473484,0.0,0.0,-0.0030769511885473484
2023-05-10,-0.1790577826313866,-3.214444753891819,1.0,1.3958320403837408,-0.0015382042532124,0.0,0.0,-0.0015382042532124
2023-05-11,-0.1827577425917104,-3.202404520855236,1.0,1.3958320403837408,-0.0022286938889789177,0.0,0.0,-0.0022286938889789177
2023-05-12,-0.1881311911660859,-3.2160816292919066,1.0,1.3958320403837408,0.007833230749470536,0.0,0.0,0.007833230749470536
2023-05-15,-0.16939524072851952,-2.841815753830175,1.0,1.3958320403837408,0.0014187099524609766,0.0,0.0,0.0014187099524609766
2023-05-16,-0.1660067615196228,-2.734482451414694,1.0,1.3958320403837408,0.003098044943851362,0.0,0.0,0.003098044943851362
2023-05-17,-0.15851753734234908,-2.5703643256942468,1.0,1.3958320403837408,0.0013056852649774308,0.0,0.0,0.0013056852649774308
2023-05-18,-0.15538427643725505,-2.482597939848111,1.0,1.3958320403837408,0.003483424035364971,0.0,0.0,0.003483424035364971
2023-05-19,-0.14716953860305626,-2.3229266475733623,1.0,1.3958320403837408,-0.005849939234908055,0.0,0.0,-0.005849939234908055
2023-05-22,-0.16097958821414782,-2.4983139361111033,1.0,1.3958320403837408,0.0026319873062456743,0.0,0.0,0.0026319873062456743
2023-05-23,-0.15468927975029612,-2.3696348712965407,1.0,1.3958320403837408,-0.001562731784485929,0.0,0.0,-0.001562731784485929
2023-05-24,-0.1584313584181949,-2.3938651691797825,1.0,1.3958320403837408,0.003569281136049385,0.0,0.0,0.003569281136049385
2023-05-25,-0.1498833475913992,-2.236125558083895,1.0,1.3958320403837408,-0.00207017649897714,0.0,0.0,-0.00207017649897714
2023-05-26,-0.15481318446203574,-2.2772390243687295,1.0,1.3958320403837408,0.0005300894355101614,0.0,0.0,0.0005300894355101614
2023-05-29,-0.15354125129635054,-2.2286418952628138,1.0,1.3958320403837408,0.0037290743073336782,0.0,0.0,0.0037290743073336782
2023-05-30,-0.14463164638576576,-2.0750453494237924,1.0,1.3958320403837408,0.002940840751011077,0.0,0.0,0.002940840751011077
2023-05-31,-0.1375492136734291,-1.9509428808953784,1.0,1.3958320403837408,-0.005730270678871248,0.0,0.0,-0.005730270678871248
2023-06-01,-0.15120216045120216,-2.1184311030461407,1.0,1.3958320403837408,0.002263309671245844,0.0,0.0,0.002263309671245844
2023-06-02,-0.14576084456008243,-2.0173479770494764,1.0,1.3958320403837408,0.004710597410131973,0.0,0.0,0.004710597410131973
2023-06-05,-0.1344661081336067,-1.840536661039494,1.0,1.3958320403837408,0.001867291221868397,0.0,0.0,0.001867291221868397
2023-06-06,-0.12997687550809278,-1.7610543422853864,1.0,1.3958320403837408,-0.004431414097419817,0.0,0.0,-0.004431414097419817
2023-06-07,-0.14050373077506695,-1.8860046985588583,1.0,1.3958320403837408,0.004848796179817181,0.0,0.0,0.004848796179817181
2023-06-08,-0.12880128442461114,-1.7117306451244265,1.0,1.3958320403837408,-0.0005951961916468521,0.0,0.0,-0.0005951961916468521
2023-06-09,-0.13026491671763107,-1.7164030254389497,1.0,1.3958320403837408,0.0017465934783915688,0.0,0.0,0.0017465934783915688
2023-06-12,-0.12619337587849433,-1.6471931465770469,1.0,1.3958320403837408,0.004741853467369378,0.0,0.0,0.004741853467369378
2023-06-13,-0.1148815352581316,-1.4839850986750696,1.0,1.3958320403837408,-0.002743617724597861,0.0,0.0,-0.002743617724597861
2023-06-14,-0.12145703367656058,-1.5591519471244208,1.0,1.3958320403837408,-0.002424456765165141,0.0,0.0,-0.002424456765165141
2023-06-15,-0.12731293524459897,-1.6231927210582384,1.0,1.3958320403837408,0.009072513510270185,0.0,0.0,0.009072513510270185
2023-06-16,-0.10546716390122945,-1.327568986373961,1.0,1.3958320403837408,-0.005755032342028587,0.0,0.0,-0.005755032342028587
2023-06-19,-0.11917029661986334,-1.494056865322038,1.0,1.3958320403837408,-0.00010744795220707457,0.0,0.0,-0.00010744795220707457
2023-06-20,-0.1194337882317118,-1.4842256409790844,1.0,1.3958320403837408,-0.006802334570346578,0.0,0.0,-0.006802334570346578
2023-06-21,-0.1356739481107727,-1.6788720106442354,1.0,1.3958320403837408,-0.002195264642186949,0.0,0.0,-0.002195264642186949
2023-06-22,-0.14100251429161048,-1.7298273151821961,1.0,1.3958320403837408,-0.001405466068900115,0.0,0.0,-0.001405466068900115
2023-06-23,-0.14442108945775178,-1.7548537424893698,1.0,1.3958320403837408,0.006601729180840649,0.0,0.0,0.006601729180840649
2023-06-26,-0.12856501040041568,-1.537081866778762,1.0,1.3958320403837408,0.0014848937020678398,0.0,0.0,0.0014848937020678398
2023-06-27,-0.12502727620770493,-1.478661569942231,1.0,1.3958320403837408,0.0013353606114073061,0.0,0.0,0.0013353606114073061
2023-06-28,-0.12186686007629977,-1.4265511136847122,1.0,1.3958320403837408,-0.0021244747621303045,0.0,0.0,-0.0021244747621303045
2023-06-30,-0.12697692958524964,-1.479236327870907,1.0,1.3958320403837408,0.004721320515683388,0.0,0.0,0.004721320515683388
2023-07-03,-0.1156085911429594,-1.3274688725715704,1.0,1.3958320403837408,-0.0029241528674966637,0.0,0.0,-0.0029241528674966637
2023-07-04,-0.12256458348986232,-1.403125334894919,1.0,1.3958320403837408,-0.001287196871477046,0.0,0.0,-0.001287196871477046
2023-07-05,-0.12564193120889566,-1.4296705207712637,1.0,1.3958320403837408,-0.0015708977371977901,0.0,0.0,-0.0015708977371977901
2023-07-06,-0.12940817710308128,-1.4640189779065214,1.0,1.3958320403837408,-0.005368427869589587,0.0,0.0,-0.005368427869589587
2023-07-07,-0.14231980067550953,-1.608335614484401,1.0,1.3958320403837408,0.00969786049546886,0.0,0.0,0.00969786049546886
2023-07-10,-0.11887652765325374,-1.310151532086362,1.0,1.3958320403837408,0.006027726909109388,0.0,0.0,0.006027726909109388
2023-07-11,-0.10454112828561879,-1.1263169303487257,1.0,1.3958320403837408,-0.0025097918377451323,0.0,0.0,-0.0025097918377451323
2023-07-12,-0.11060880464232703,-1.1905040325007077,1.0,1.3958320403837408,-0.004458859900256129,0.0,0.0,-0.004458859900256129
2023-07-13,-0.12115120250857725,-1.3076514994147392,1.0,1.3958320403837408,-0.011758442480851408,0.0,0.0,-0.011758442480851408
2023-07-14,-0.14845509062847562,-1.6235965021537604,1.0,1.3958320403837408,0.002926217070846016,0.0,0.0,0.002926217070846016
2023-07-17,-0.14141669327915363,-1.5236587870525578,1.0,1.3958320403837408,0.014467118294728543,0.0,0.0,0.014467118294728543
2023-07-18,-0.10741249241482631,-1.1057476801970534,1.0,1.3958320403837408,0.004394376519933745,0.0,0.0,0.004394376519933745
2023-07-19,-0.09684311498375386,-0.9713408020302597,1.0,1.3958320403837408,-0.007580815144362292,0.0,0.0,-0.007580815144362292
2023-07-20,-0.1151557782478454,-1.1815947835097924,1.0,1.3958320403837408,-0.01796868640362758,0.0,0.0,-0.01796868640362758
2023-07-21,-0.16116983951990616,-1.7203618276634625,1.0,1.3958320403837408,-0.0030076708884892865,0.0,0.0,-0.0030076708884892865
2023-07-24,-0.16833993571432782,-1.7897389408687985,1.0,1.3958320403837408,-0.0013797534514612038,0.0,0.0,-0.0013797534514612038
2023-07-25,-0.17164554217729133,-1.812591090066323,1.0,1.3958320403837408,0.006316301070653124,0.0,0.0,0.006316301070653124
2023-07-26,-0.15656222045443702,-1.6167761823161548,1.0,1.3958320403837408,-0.00014803489946461,0.0,0.0,-0.00014803489946461
2023-07-27,-0.1569174699600291,-1.6060135485792755,1.0,1.3958320403837408,0.0032157022469814604,0.0,0.0,0.0032157022469814604
2023-07-28,-0.14915213601775523,-1.5000728539945845,1.0,1.3958320403837408,-0.006735759346103086,0.0,0.0,-0.006735759346103086
2023-07-31,-0.16508674873898688,-1.6739977670875268,1.0,1.3958320403837408,-0.0022857506325947383,0.0,0.0,-0.0022857506325947383
2023-08-01,-0.17053196747588828,-1.7215964435262543,1.0,1.3958320403837408,-0.0006288785819800046,0.0,0.0,-0.0006288785819800046
2023-08-02,-0.17204980777580037,-1.721777814597258,1.0,1.3958320403837408,0.009183622122336924,0.0,0.0,0.009183622122336924
2023-08-03,-0.1499639718215633,-1.447287934273092,1.0,1.3958320403837408,-0.0031728577037685403,0.0,0.0,-0.0031728577037685403
2023-08-04,-0.15750447077329532,-1.5215327946997028,1.0,1.3958320403837408,-0.0024159183826911474,0.0,0.0,-0.0024159183826911474
2023-08-07,-0.1632529016963833,-1.573664440241545,1.0,1.3958320403837408,0.0014102303897298336,0.0,0.0,0.0014102303897298336
2023-08-08,-0.15986582082582323,-1.519639160563882,1.0,1.3958320403837408,0.0026207331812912365,0.0,0.0,0.0026207331812912365
2023-08-09,-0.153587731779532,-1.4334765086069408,1.0,1.3958320403837408,0.0018460465396239315,0.0,0.0,0.0018460465396239315
2023-08-10,-0.14914783470850068,-1.3698410275086683,1.0,1.3958320403837408,-0.006317275938713272,0.0,0.0,-0.006317275938713272
2023-08-11,-0.1643580748945208,-1.531554488275789,1.0,1.3958320403837408,0.006425069532661126,0.0,0.0,0.006425069532661126
2023-08-14,-0.14908842630907415,-1.3437153901406083,1.0,1.3958320403837408,0.006029008844062802,0.0,0.0,0.006029008844062802
2023-08-16,-0.13479804190624467,-1.1699034113031206,1.0,1.3958320403837408,0.0017706693437071343,0.0,0.0,0.0017706693437071343
2023-08-17,-0.13053779021532907,-1.1120616032125752,1.0,1.3958320403837408,0.004914026718356587,0.0,0.0,0.004914026718356587
2023-08-18,-0.11861349303380297,-0.9679289061293703,1.0,1.3958320403837408,-0.0009891901174377531,0.0,0.0,-0.0009891901174377531
2023-08-21,-0.120981312445541,-0.9872597981108676,1.0,1.3958320403837408,0.002849657988660587,0.0,0.0,0.002849657988660587
2023-08-22,-0.11413167838884242,-0.9019642556137139,1.0,1.3958320403837408,-0.0015245703999505482,0.0,0.0,-0.0015245703999505482
2023-08-23,-0.1177729950915456,-0.9360985534913523,1.0,1.3958320403837408,0.00643969656281644,0.0,0.0,0.00643969656281644
2023-08-24,-0.10239920993417062,-0.7548862206313219,1.0,1.3958320403837408,8.302549292301732e-05,0.0,0.0,8.302549292301732e-05
2023-08-25,-0.10220078904917784,-0.7465119729711722,1.0,1.3958320403837408,-0.0003172169944804608,0.0,0.0,-0.0003172169944804608
2023-08-28,-0.10296368713877602,-0.7490692095935408,1.0,1.3958320403837408,0.0004862646086161832,0.0,0.0,0.0004862646086161832
2023-08-29,-0.10179965394790713,-0.7296585719267825,1.0,1.3958320403837408,0.002598506230676295,0.0,0.0,0.002598506230676295
2023-08-30,-0.0956362673886737,-0.6535199472113405,1.0,1.3958320403837408,0.0059545359696306175,0.0,0.0,0.0059545359696306175
2023-08-31,-0.08129895992455438,-0.48472768153777146,0.0,1.3958320403837408,0.0,1.0,0.0007,-0.0007
2023-09-01,-0.0847474435526836,-0.5185941609166888,0.0,1.3958320403837408,0.0,0.0,0.0,0.0
2023-09-04,-0.08627703121476138,-0.5305528582795404,0.0,1.3958320403837408,0.0,0.0,0.0,0.0
2023-09-05,-0.08132529494484153,-0.46875390123874777,0.0,1.3958320403837408,0.0,0.0,0.0,0.0
2023-09-06,-0.08252996898162035,-0.47712915578673465,0.0,1.3958320403837408,0.0,0.0,0.0,0.0
2023-09-07,-0.10045195733419643,-0.6773034881458659,0.0,1.3958320403837408,0.0,0.0,0.0,0.0
2023-09-08,-0.09273213162351457,-0.5825630632562705,0.0,1.3958320403837408,0.0,0.0,0.0,0.0
2023-09-11,-0.10370911816239659,-0.7031395400494145,0.0,1.3958320403837408,0.0,0.0,0.0,0.0
2023-09-12,-0.1267471638010802,-0.9624157605872208,0.0,1.3958320403837408,-0.0,0.0,0.0,-0.0
2023-09-13,-0.12352363094216301,-0.9176171484115593,0.0,1.3958320403837408,0.0,0.0,0.0,0.0
2023-09-14,-0.11474579113937544,-0.8090189416710238,0.0,1.3958320403837408,0.0,0.0,0.0,0.0
2023-09-15,-0.126581582081422,-0.9390619714909431,0.0,1.3958320403837408,0.0,0.0,0.0,0.0
2023-09-18,-0.14280868982906192,-1.1195844543728006,0.0,1.3958320403837408,-0.0,0.0,0.0,-0.0
2023-09-20,-0.14380948736408872,-1.122722689816955,0.0,1.3958320403837408,0.0,0.0,0.0,0.0
2023-09-21,-0.12806732229482165,-0.9313314903907963,0.0,1.3958320403837408,0.0,0.0,0.0,0.0
2023-09-22,-0.13892898031664735,-1.0499881553045989,0.0,1.3958320403837408,-0.0,0.0,0.0,-0.0
2023-09-25,-0.14344014684783257,-1.0941650591751468,0.0,1.3958320403837408,0.0,0.0,0.0,0.0
2023-09-26,-0.15597250835687326,-1.2311124856257665,0.0,1.3958320403837408,0.0,0.0,0.0,0.0
2023-09-27,-0.1530353836893097,-1.187293772507899,0.0,1.3958320403837408,-0.0,0.0,0.0,-0.0
2023-09-28,-0.15140659593151184,-1.1589142393929504,0.0,1.3958320403837408,-0.0,0.0,0.0,-0.0
2023-09-29,-0.1509690977365281,-1.144848636017887,0.0,1.3958320403837408,-0.0,0.0,0.0,-0.0
2023-10-03,-0.1461324850493151,-1.0798414911448233,0.0,1.3958320403837408,0.0,0.0,0.0,0.0
2023-10-04,-0.14840300821037555,-1.0980776660815184,0.0,1.3958320403837408,0.0,0.0,0.0,0.0
2023-10-05,-0.1554776668392197,-1.1721019899211675,0.0,1.3958320403837408,0.0,0.0,0.0,0.0
2023-10-06,-0.1575192271088124,-1.1874939006693193,0.0,1.3958320403837408,0.0,0.0,0.0,0.0
2023-10-09,-0.1662376608925289,-1.2813965429728076,0.0,1.3958320403837408,0.0,0.0,0.0,0.0
2023-10-10,-0.1493438568612948,-1.0739694740666594,0.0,1.3958320403837408,-0.0,0.0,0.0,-0.0
2023-10-11,-0.14251811171773188,-0.9855213426726401,0.0,1.3958320403837408,-0.0,0.0,0.0,-0.0
2023-10-12,-0.13575849786890792,-0.8985038350830622,0.0,1.3958320403837408,0.0,0.0,0.0,0.0
2023-10-13,-0.17058321825694023,-1.303704513769376,0.0,1.3958320403837408,0.0,0.0,0.0,0.0
2023-10-16,-0.15007401403368892,-1.051156074384174,0.0,1.3958320403837408,0.0,0.0,0.0,0.0
2023-10-17,-0.137553650257618,-0.8947745232031478,0.0,1.3958320403837408,-0.0,0.0,0.0,-0.0
2023-10-18,-0.13096878489364094,-0.8093946024882096,0.0,1.3958320403837408,-0.0,0.0,0.0,-0.0
2023-10-19,-0.12667126631456327,-0.7515006622226714,0.0,1.3958320403837408,0.0,0.0,0.0,0.0
2023-10-20,-0.1467702956871948,-0.9857929625659475,0.0,1.3958320403837408,-0.0,0.0,0.0,-0.0
2023-10-23,-0.12576218198002742,-0.7266014906496104,0.0,1.3958320403837408,-0.0,0.0,0.0,-0.0
2023-10-25,-0.13245508427717745,-0.8012285339421058,0.0,1.3958320403837408,-0.0,0.0,0.0,-0.0
2023-10-26,-0.11808136565545713,-0.6204916705098329,0.0,1.3958320403837408,0.0,0.0,0.0,0.0
2023-10-27,-0.10875217949992155,-0.500608031842822,0.0,1.3958320403837408,0.0,0.0,0.0,0.0
2023-10-30,-0.12259538842510409,-0.6642182486250725,0.0,1.3958320403837408,-0.0,0.0,0.0,-0.0
2023-10-31,-0.12484197798612673,-0.6858489285336952,0.0,1.3958320403837408,-0.0,0.0,0.0,-0.0
2023-11-01,-0.11943347120293435,-0.6127206163852824,0.0,1.3958320403837408,0.0,0.0,0.0,0.0
2023-11-02,-0.1199751170772414,-0.613599038581355,0.0,1.3958320403837408,0.0,0.0,0.0,0.0
2023-11-03,-0.10244808765520563,-0.386745908607896,0.0,1.3958320403837408,0.0,0.0,0.0,0.0
2023-11-06,-0.10441424591150206,-0.40514440290960013,0.0,1.3958320403837408,0.0,0.0,0.0,0.0
2023-11-07,-0.0996491689158896,-0.3376751697119843,0.0,1.3958320403837408,0.0,0.0,0.0,0.0
2023-11-08,-0.11375483388163765,-0.5129324081655237,0.0,1.3958320403837408,-0.0,0.0,0.0,-0.0
2023-11-09,-0.11132208286774592,-0.47514388077391007,0.0,1.3958320403837408,-0.0,0.0,0.0,-0.0
2023-11-10,-0.10980945478587412,-0.4491713328802933,0.0,1.3958320403837408,0.0,0.0,0.0,0.0
2023-11-13,-0.10558602648470394,-0.3875681823520882,0.0,1.3958320403837408,0.0,0.0,0.0,0.0
2023-11-15,-0.1091926645538539,-0.42889645654586905,0.0,1.3958320403837408,0.0,0.0,0.0,0.0
2023-11-16,-0.12293665436183066,-0.6054587568611963,0.0,1.3958320403837408,0.0,0.0,0.0,0.0
2023-11-17,-0.12987094217673967,-0.6921416588955279,0.0,1.3958320403837408,0.0,0.0,0.0,0.0
2023-11-20,-0.13735022499804295,-0.7867472112888493,0.0,1.3958320403837408,0.0,0.0,0.0,0.0
2023-11-21,-0.13194788393728452,-0.7076857083902636,0.0,1.3958320403837408,0.0,0.0,0.0,0.0
2023-11-22,-0.12687838336613932,-0.6326178200353276,0.0,1.3958320403837408,-0.0,0.0,0.0,-0.0
2023-11-23,-0.12407456655193094,-0.5880927054758049,0.0,1.3958320403837408,-0.0,0.0,0.0,-0.0
2023-11-24,-0.1117836651944426,-0.41228144484240487,0.0,1.3958320403837408,0.0,0.0,0.0,0.0
2023-11-28,-0.11336276985679383,-0.4277485278147682,0.0,1.3958320403837408,0.0,0.0,0.0,0.0
2023-11-29,-0.11914506645650658,-0.5025222090680934,0.0,1.3958320403837408,-0.0,0.0,0.0,-0.0
2023-11-30,-0.11177138923003227,-0.39182092319320794,0.0,1.3958320403837408,0.0,0.0,0.0,0.0
2023-12-01,-0.12332435013760268,-0.5504226141703242,0.0,1.3958320403837408,0.0,0.0,0.0,0.0
2023-12-04,-0.11537919572450672,-0.42976361929152324,0.0,1.3958320403837408,0.0,0.0,0.0,0.0
2023-12-05,-0.13009624908626183,-0.6375142475906803,0.0,1.3958320403837408,0.0,0.0,0.0,0.0
2023-12-06,-0.14456179699585725,-0.8441041624730267,0.0,1.3958320403837408,0.0,0.0,0.0,0.0
2023-12-07,-0.1544521090159403,-0.9856759925227849,0.0,1.3958320403837408,0.0,0.0,0.0,0.0
2023-12-08,-0.14192311579371797,-0.7930533631556611,0.0,1.3958320403837408,0.0,0.0,0.0,0.0
2023-12-11,-0.14992256214253086,-0.9074708877006102,0.0,1.3958320403837408,0.0,0.0,0.0,0.0
2023-12-12,-0.1694658449600146,-1.1979532985951589,0.0,1.3958320403837408,-0.0,0.0,0.0,-0.0
2023-12-13,-0.1577794186592314,-1.014685846882478,0.0,1.3958320403837408,0.0,0.0,0.0,0.0
2023-12-14,-0.15055923582977915,-0.8988168985371561,0.0,1.3958320403837408,0.0,0.0,0.0,0.0
2023-12-15,-0.1724421853392002,-1.235287661303167,0.0,1.3958320403837408,-0.0,0.0,0.0,-0.0
2023-12-18,-0.18073257341069215,-1.3620379125673103,0.0,1.3958320403837408,-0.0,0.0,0.0,-0.0
2023-12-19,-0.1689676508683009,-1.1714645215633392,0.0,1.3958320403837408,-0.0,0.0,0.0,-0.0
2023-12-20,-0.16983545423243207,-1.1808697482592918,0.0,1.3958320403837408,0.0,0.0,0.0,0.0
2023-12-21,-0.17284420129081024,-1.223908737493253,0.0,1.3958320403837408,0.0,0.0,0.0,0.0
2023-12-22,-0.1688701582469223,-1.1546293543997268,0.0,1.3958320403837408,-0.0,0.0,0.0,-0.0
2023-12-26,-0.17064534716252222,-1.1807038040220597,0.0,1.3958320403837408,0.0,0.0,0.0,0.0
2023-12-27,-0.1615063724379917,-1.0282318932044014,0.0,1.3958320403837408,-0.0,0.0,0.0,-0.0
2023-12-28,-0.1602051771149604,-1.0027701629479608,0.0,1.3958320403837408,-0.0,0.0,0.0,-0.0
2023-12-29,-0.17053472036825568,-1.1720601066080016,0.0,1.3958320403837408,0.0,0.0,0.0,0.0
2024-01-01,-0.17157076586278652,-1.1869561968898812,0.0,1.3958320403837408,-0.0,0.0,0.0,-0.0
2024-01-02,-0.1723008585961292,-1.1967069974063291,0.0,1.3958320403837408,-0.0,0.0,0.0,-0.0
2024-01-03,-0.16750857843723033,-1.1102183271129527,0.0,1.3958320403837408,0.0,0.0,0.0,0.0
2024-01-04,-0.14292330776632145,-0.6768947050588472,0.0,1.3958320403837408,0.0,0.0,0.0,0.0
2024-01-05,-0.15669268899610334,-0.9167948934803256,0.0,1.3958320403837408,-0.0,0.0,0.0,-0.0
2024-01-08,-0.1406393971802693,-0.625451538022708,0.0,1.3958320403837408,0.0,0.0,0.0,0.0
2024-01-09,-0.1407750895196438,-0.6232544654965658,0.0,1.3958320403837408,0.0,0.0,0.0,0.0
2024-01-10,-0.15567073289200817,-0.8949560618729187,0.0,1.3958320403837408,0.0,0.0,0.0,0.0
2024-01-11,-0.18115689774751598,-1.3685649628448688,0.0,1.3958320403837408,0.0,0.0,0.0,0.0
2024-01-12,-0.1587720884048851,-0.9408670083175567,0.0,1.3958320403837408,0.0,0.0,0.0,0.0
2024-01-15,-0.14219452105410468,-0.6208145345702035,0.0,1.3958320403837408,-0.0,0.0,0.0,-0.0
2024-01-16,-0.13943191787019948,-0.5626672499394018,0.0,1.3958320403837408,0.0,0.0,0.0,0.0
2024-01-17,-0.1425415815588531,-0.6168124364980178,0.0,1.3958320403837408,0.0,0.0,0.0,0.0
2024-01-18,-0.14753253757246565,-0.7085455191260012,0.0,1.3958320403837408,0.0,0.0,0.0,0.0
2024-01-19,-0.16156099843236582,-0.9781938201393285,0.0,1.3958320403837408,-0.0,0.0,0.0,-0.0
2024-01-23,-0.14154356478924957,-0.5766530409486382,0.0,1.3958320403837408,0.0,0.0,0.0,0.0
2024-01-24,-0.11553399727722091,-0.05248331338016193,0.0,1.3958320403837408,-0.0,0.0,0.0,-0.0
2024-01-25,-0.10780962217646284,0.11067702078949797,0.0,1.3958320403837408,-0.0,0.0,0.0,-0.0
2024-01-29,-0.11191564231227513,0.0354933896151344,0.0,1.3958320403837408,-0.0,0.0,0.0,-0.0
2024-01-30,-0.11486383992092719,-0.0169219713446763,0.0,1.3958320403837408,0.0,0.0,0.0,0.0
2024-01-31,-0.11480248587243658,-0.007855836752612623,0.0,1.3958320403837408,0.0,0.0,0.0,0.0
2024-02-01,-0.13102691656198662,-0.33594504129995834,0.0,1.3958320403837408,0.0,0.0,0.0,0.0
2024-02-02,-0.14939404011605717,-0.7118684618277882,0.0,1.3958320403837408,0.0,0.0,0.0,0.0
2024-02-05,-0.1554937944977972,-0.8331803096983699,0.0,1.3958320403837408,0.0,0.0,0.0,0.0
2024-02-06,-0.18677841675495088,-1.4833532873024293,0.0,1.3958320403837408,-0.0,0.0,0.0,-0.0
2024-02-07,-0.18977126174587777,-1.534365266875215,0.0,1.3958320403837408,0.0,0.0,0.0,0.0
2024-02-08,-0.20797018064534,-1.9044263607302465,0.0,1.3958320403837408,-0.0,0.0,0.0,-0.0
2024-02-09,-0.22137109694123325,-2.1741190802082504,1.0,1.3958320403837408,0.004520066494929622,1.0,0.0007,0.003820066494929622
2024-02-12,-0.21055550574125625,-1.927058719836295,1.0,1.3958320403837408,-0.002966331038871781,0.0,0.0,-0.002966331038871781
2024-02-13,-0.21763190570408142,-2.061170984647252,1.0,1.3958320403837408,0.002389344795931404,0.0,0.0,0.002389344795931404
2024-02-14,-0.2118674918127974,-1.9232977284610393,1.0,1.3958320403837408,0.002102033880843739,0.0,0.0,0.002102033880843739
2024-02-15,-0.2068494516305508,-1.801817119797471,1.0,1.3958320403837408,0.002735493345371999,0.0,0.0,0.002735493345371999
2024-02-16,-0.2003824152179643,-1.6505881695615638,1.0,1.3958320403837408,0.002991530057202601,0.0,0.0,0.002991530057202601
2024-02-19,-0.1931911568250646,-1.4865587715614879,1.0,1.3958320403837408,0.00682441047959521,0.0,0.0,0.00682441047959521
2024-02-20,-0.17665318891062665,-1.1290889509048976,1.0,1.3958320403837408,-0.00169700116464496,0.0,0.0,-0.00169700116464496
2024-02-21,-0.18080978815342164,-1.2093613898474183,1.0,1.3958320403837408,-0.007449426741104384,0.0,0.0,-0.007449426741104384
2024-02-22,-0.19838346829227937,-1.5729228060991192,1.0,1.3958320403837408,0.003872104134510414,0.0,0.0,0.003872104134510414
2024-02-23,-0.18905866931281334,-1.365002975833406,1.0,1.3958320403837408,0.0031829724662423998,0.0,0.0,0.0031829724662423998
2024-02-26,-0.18137101692049917,-1.1927152128805003,1.0,1.3958320403837408,-0.014181720188373296,0.0,0.0,-0.014181720188373296
2024-02-27,-0.21489239807925298,-1.8982731405532778,1.0,1.3958320403837408,-0.00014600920802557865,0.0,0.0,-0.00014600920802557865
2024-02-28,-0.2152440020297215,-1.8898991781400163,1.0,1.3958320403837408,0.004035271393423557,0.0,0.0,0.004035271393423557
2024-02-29,-0.20555393543332467,-1.6702299404785013,1.0,1.3958320403837408,-0.004680856025008179,0.0,0.0,-0.004680856025008179
2024-03-01,-0.21683474743407505,-1.9034566498056469,1.0,1.3958320403837408,-0.0024719208880526465,0.0,0.0,-0.0024719208880526465
2024-03-04,-0.22280560245835268,-2.0234740656144727,1.0,1.3958320403837408,0.0019673348276053205,0.0,0.0,0.0019673348276053205
2024-03-05,-0.21807076793836888,-1.9077767714077578,1.0,1.3958320403837408,-0.004709037455324529,0.0,0.0,-0.004709037455324529
2024-03-06,-0.2292592559550668,-2.139874763436217,1.0,1.3958320403837408,-0.00663419519249727,0.0,0.0,-0.00663419519249727
2024-03-07,-0.24507158511553495,-2.469636591100977,1.0,1.3958320403837408,-0.006042476130320778,0.0,0.0,-0.006042476130320778
2024-03-11,-0.25958893331953714,-2.7606050460354785,1.0,1.3958320403837408,-0.006658421560348328,0.0,0.0,-0.006658421560348328
2024-03-12,-0.27537258306578494,-3.05684781057286,1.0,1.3958320403837408,0.005609508957568585,0.0,0.0,0.005609508957568585
2024-03-13,-0.2618588060678926,-2.718121084206863,1.0,1.3958320403837408,0.002624360963025752,0.0,0.0,0.002624360963025752
2024-03-14,-0.2557656602046521,-2.551560097894287,1.0,1.3958320403837408,-0.006485517016993078,0.0,0.0,-0.006485517016993078
2024-03-15,-0.2713672013154085,-2.848964177506874,1.0,1.3958320403837408,0.0012089605926199048,0.0,0.0,0.0012089605926199048
2024-03-18,-0.26848063504435515,-2.7419270053808855,1.0,1.3958320403837408,0.013850997777390722,0.0,0.0,0.013850997777390722
2024-03-19,-0.2343537237876676,-2.0007047332837247,1.0,1.3958320403837408,-0.0007999838026436101,0.0,0.0,-0.0007999838026436101
2024-03-20,-0.23627723014123525,-2.0234601705841153,1.0,1.3958320403837408,-0.00036790866560166196,0.0,0.0,-0.00036790866560166196
2024-03-21,-0.23715850439299135,-2.0234180493119838,1.0,1.3958320403837408,-0.003210120004359442,0.0,0.0,-0.003210120004359442
2024-03-22,-0.24512098998122234,-2.1740747170017456,1.0,1.3958320403837408,0.0004942078810988805,0.0,0.0,0.0004942078810988805
2024-03-26,-0.2439438102568161,-2.135895205280769,1.0,1.3958320403837408,0.0030385852656346682,0.0,0.0,0.0030385852656346682
2024-03-27,-0.2366187408387237,-1.9700855710961347,1.0,1.3958320403837408,-0.0013753739383178835,0.0,0.0,-0.0013753739383178835
2024-03-28,-0.23990048173849043,-2.03193261443298,1.0,1.3958320403837408,-0.006804111369215557,0.0,0.0,-0.006804111369215557
2024-04-01,-0.256128022567907,-2.366500838415495,1.0,1.3958320403837408,0.0013845100326527519,0.0,0.0,0.0013845100326527519
2024-04-02,-0.2527969928600511,-2.2894742204987226,1.0,1.3958320403837408,-0.010144900983470864,0.0,0.0,-0.010144900983470864
2024-04-03,-0.27691901403341923,-2.7896957118566417,1.0,1.3958320403837408,-0.00655993317405435,0.0,0.0,-0.00655993317405435
2024-04-04,-0.2925046830238882,-3.091285046857083,1.0,1.3958320403837408,0.00136631803372098,0.0,0.0,0.00136631803372098
2024-04-05,-0.28921903628052537,-2.9864143974784354,1.0,1.3958320403837408,0.0003037391966444421,0.0,0.0,0.0003037391966444421
2024-04-08,-0.2884906650648391,-2.943384905918345,1.0,1.3958320403837408,0.008943268310335626,0.0,0.0,0.008943268310335626
2024-04-09,-0.2671089883117075,-2.466793716676491,1.0,1.3958320403837408,-0.002287809736795572,0.0,0.0,-0.002287809736795572
2024-04-10,-0.2725573501467551,-2.565402967627747,1.0,1.3958320403837408,-0.008556986314864196,0.0,0.0,-0.008556986314864196
2024-04-12,-0.2931542814284791,-2.981533219389295,1.0,1.3958320403837408,0.004098570047638987,0.0,0.0,0.004098570047638987
2024-04-15,-0.2832381952787557,-2.7380788565401954,1.0,1.3958320403837408,-0.005155701633247764,0.0,0.0,-0.005155701633247764
2024-04-16,-0.29606342012206355,-2.9752780776136336,1.0,1.3958320403837408,0.00304124479497506,0.0,0.0,0.00304124479497506
2024-04-18,-0.288777415939264,-2.788280278045051,1.0,1.3958320403837408,0.0030478962014353667,0.0,0.0,0.0030478962014353667
2024-04-19,-0.2814307708338033,-2.6018962701926447,1.0,1.3958320403837408,0.000511657758542507,0.0,0.0,0.000511657758542507
2024-04-22,-0.2802499761942183,-2.5523258703562535,1.0,1.3958320403837408,0.0012887784451047638,0.0,0.0,0.0012887784451047638
2024-04-23,-0.2771801033434791,-2.4673047520850715,1.0,1.3958320403837408,0.0031921472329406475,0.0,0.0,0.0031921472329406475
2024-04-24,-0.2694758054671169,-2.287888719013949,1.0,1.3958320403837408,-0.0009701286084318598,0.0,0.0,-0.0009701286084318598
2024-04-25,-0.2717933070917997,-2.3023766334310958,1.0,1.3958320403837408,0.002286381073759999,0.0,0.0,0.002286381073759999
2024-04-26,-0.26628683176069856,-2.158312345351155,1.0,1.3958320403837408,-0.006134460034926459,0.0,0.0,-0.006134460034926459
2024-04-29,-0.28087581991249877,-2.4221837457591753,1.0,1.3958320403837408,0.003328093523778863,0.0,0.0,0.003328093523778863
2024-04-30,-0.27283618485011996,-2.2247507131028277,1.0,1.3958320403837408,-0.00829604332841563,0.0,0.0,-0.00829604332841563
2024-05-02,-0.2926350312377828,-2.5826367670637853,1.0,1.3958320403837408,0.0035470686556016507,0.0,0.0,0.0035470686556016507
2024-05-03,-0.28411912288888264,-2.3737493901949582,1.0,1.3958320403837408,-0.008941608440815662,0.0,0.0,-0.008941608440815662
2024-05-06,-0.3052834852029598,-2.743840885207359,1.0,1.3958320403837408,-0.00419759939211781,0.0,0.0,-0.00419759939211781
2024-05-07,-0.3152448433317394,-2.881590280287682,1.0,1.3958320403837408,-0.0036610777758004894,0.0,0.0,-0.0036610777758004894
2024-05-08,-0.32406114737371006,-2.987013676605797,1.0,1.3958320403837408,0.006036192666763053,0.0,0.0,0.006036192666763053
2024-05-09,-0.3096236493507343,-2.65966766680163,1.0,1.3958320403837408,0.005505996734674054,0.0,0.0,0.005505996734674054
2024-05-10,-0.2962865231808438,-2.371544741077402,1.0,1.3958320403837408,-0.00848929832458299,0.0,0.0,-0.00848929832458299
2024-05-13,-0.31649347217284163,-2.695874878329233,1.0,1.3958320403837408,0.007243687871598199,0.0,0.0,0.007243687871598199
2024-05-14,-0.29904118113818523,-2.339458192453341,1.0,1.3958320403837408,0.0017146693613868478,0.0,0.0,0.0017146693613868478
2024-05-15,-0.2949187814908294,-2.232977613414845,1.0,1.3958320403837408,0.0024755995123776024,0.0,0.0,0.0024755995123776024
2024-05-16,-0.2891501189280792,-2.102632480450486,1.0,1.3958320403837408,0.007384909034110668,0.0,0.0,0.007384909034110668
2024-05-17,-0.27126925901217724,-1.7709922102964573,1.0,1.3958320403837408,-0.0008211391026645269,0.0,0.0,-0.0008211391026645269
2024-05-21,-0.2732521861482313,-1.7875779632217477,1.0,1.3958320403837408,0.004210439319608797,0.0,0.0,0.004210439319608797
2024-05-22,-0.263260716164619,-1.6018828488283732,1.0,1.3958320403837408,-0.004293220459674409,0.0,0.0,-0.004293220459674409
2024-05-23,-0.2734415676475841,-1.7599852368046507,1.0,1.3958320403837408,0.004507261236497176,0.0,0.0,0.004507261236497176
2024-05-24,-0.2625656504934044,-1.5608440946007764,1.0,1.3958320403837408,0.002151329108593777,0.0,0.0,0.002151329108593777
2024-05-27,-0.257420217741708,-1.4615075679959384,1.0,1.3958320403837408,-0.00013693333915882158,0.0,0.0,-0.00013693333915882158
2024-05-28,-0.25775015178543725,-1.4543690797379003,1.0,1.3958320403837408,0.0009193516355708916,0.0,0.0,0.0009193516355708916
2024-05-29,-0.25554561115570706,-1.4054298090012942,1.0,1.3958320403837408,0.0035864110007046927,0.0,0.0,0.0035864110007046927
2024-05-30,-0.24686301215371564,-1.2507898872179282,1.0,1.3958320403837408,0.01238168251030623,0.0,0.0,0.01238168251030623
2024-05-31,-0.21699797091000228,-0.7528244684605128,1.0,1.3958320403837408,-0.005359620766523004,0.0,0.0,-0.005359620766523004
2024-06-03,-0.2297865726659749,-0.9570284824504991,1.0,1.3958320403837408,-0.005548533185412076,0.0,0.0,-0.005548533185412076
2024-06-04,-0.24311061187893568,-1.1681098568066683,1.0,1.3958320403837408,0.005984448729675274,0.0,0.0,0.005984448729675274
2024-06-05,-0.22905931723224882,-0.9305238118403157,1.0,1.3958320403837408,-0.0007530419714863144,0.0,0.0,-0.0007530419714863144
2024-06-06,-0.23094418763077673,-0.954890995400188,1.0,1.3958320403837408,0.007727129290122934,0.0,0.0,0.007727129290122934
2024-06-07,-0.2130861194424174,-0.65863344383461,1.0,1.3958320403837408,-0.003938776622275166,0.0,0.0,-0.003938776622275166
2024-06-10,-0.22271246548119894,-0.8100096141706468,1.0,1.3958320403837408,-0.00011673190929930525,0.0,0.0,-0.00011673190929930525
2024-06-11,-0.22299365454208964,-0.8085459768052426,1.0,1.3958320403837408,0.0001489481476769283,0.0,0.0,0.0001489481476769283
2024-06-12,-0.22264205257212666,-0.7973806107387854,1.0,1.3958320403837408,-0.004611361862819818,0.0,0.0,-0.004611361862819818
2024-06-13,-0.23360542534807482,-0.9690645259860046,1.0,1.3958320403837408,0.005514679968905206,0.0,0.0,0.005514679968905206
2024-06-14,-0.2202994972239587,-0.7466794656751868,1.0,1.3958320403837408,0.005184082414657243,0.0,0.0,0.005184082414657243
2024-06-18,-0.2078850380460473,-0.540239543568035,1.0,1.3958320403837408,0.005709853852813664,0.0,0.0,0.005709853852813664
2024-06-19,-0.19423485333563484,-0.31538217691854575,0.0,1.3958320403837408,0.0,1.0,0.0007,-0.0007
2024-06-20,-0.18624296686558317,-0.1822180001225645,0.0,1.3958320403837408,0.0,0.0,0.0,0.0
2024-06-21,-0.18352599709514994,-0.13480861496437618,0.0,1.3958320403837408,0.0,0.0,0.0,0.0
2024-06-24,-0.18936780754076743,-0.2259497484060918,0.0,1.3958320403837408,0.0,0.0,0.0,0.0
2024-06-25,-0.18761846351957256,-0.19314375122495533,0.0,1.3958320403837408,0.0,0.0,0.0,0.0
2024-06-26,-0.19474267814368673,-0.30499105530292303,0.0,1.3958320403837408,0.0,0.0,0.0,0.0
2024-06-27,-0.20183320566015972,-0.4163689386270213,0.0,1.3958320403837408,-0.0,0.0,0.0,-0.0
2024-06-28,-0.19535231634442862,-0.3053327778235411,0.0,1.3958320403837408,0.0,0.0,0.0,0.0
2024-07-01,-0.20634545828594764,-0.4805108866140666,0.0,1.3958320403837408,0.0,0.0,0.0,0.0
2024-07-02,-0.20119514028388874,-0.39120114086796937,0.0,1.3958320403837408,0.0,0.0,0.0,0.0
2024-07-03,-0.17904760944268716,-0.024524152365886114,0.0,1.3958320403837408,0.0,0.0,0.0,0.0
2024-07-04,-0.18433296346209982,-0.10866409220621667,0.0,1.3958320403837408,-0.0,0.0,0.0,-0.0
2024-07-05,-0.18309370482996723,-0.08580129956915845,0.0,1.3958320403837408,0.0,0.0,0.0,0.0
2024-07-08,-0.16802451717309008,0.16504118985468338,0.0,1.3958320403837408,-0.0,0.0,0.0,-0.0
2024-07-09,-0.16804218798135917,0.1678096202554116,0.0,1.3958320403837408,-0.0,0.0,0.0,-0.0
2024-07-10,-0.14642799832088915,0.5270704570967041,0.0,1.3958320403837408,0.0,0.0,0.0,0.0
2024-07-11,-0.14891760605394122,0.4877769484932803,0.0,1.3958320403837408,0.0,0.0,0.0,0.0
2024-07-12,-0.20345302876608873,-0.40962598608758855,0.0,1.3958320403837408,-0.0,0.0,0.0,-0.0
2024-07-15,-0.20127294951425068,-0.3688249263369741,0.0,1.3958320403837408,0.0,0.0,0.0,0.0
2024-07-16,-0.19329746295865124,-0.23227991728503058,0.0,1.3958320403837408,0.0,0.0,0.0,0.0
2024-07-18,-0.21999148169904092,-0.6708370394299782,0.0,1.3958320403837408,0.0,0.0,0.0,0.0
2024-07-19,-0.19931270518032296,-0.3228936599470624,0.0,1.3958320403837408,0.0,0.0,0.0,0.0
2024-07-22,-0.18448745084596752,-0.07200177819162164,0.0,1.3958320403837408,0.0,0.0,0.0,0.0
2024-07-23,-0.1750796886037742,0.08978376018020484,0.0,1.3958320403837408,0.0,0.0,0.0,0.0
2024-07-24,-0.17795165412875402,0.046348364651013,0.0,1.3958320403837408,0.0,0.0,0.0,0.0
2024-07-25,-0.1881831315567144,-0.12100362157961024,0.0,1.3958320403837408,0.0,0.0,0.0,0.0
2024-07-26,-0.1799394446812954,0.019620661490102217,0.0,1.3958320403837408,-0.0,0.0,0.0,-0.0
2024-07-29,-0.18195054315105974,-0.011495818204372503,0.0,1.3958320403837408,0.0,0.0,0.0,0.0
2024-07-30,-0.17369528033311,0.1322476902711574,0.0,1.3958320403837408,0.0,0.0,0.0,0.0
2024-07-31,-0.18482854520012726,-0.049978013681186345,0.0,1.3958320403837408,0.0,0.0,0.0,0.0
2024-08-01,-0.196975396913043,-0.2509718121523799,0.0,1.3958320403837408,-0.0,0.0,0.0,-0.0
2024-08-02,-0.1773874438140215,0.08294420117806206,0.0,1.3958320403837408,-0.0,0.0,0.0,-0.0
2024-08-05,-0.17383132896274667,0.14375703284744962,0.0,1.3958320403837408,0.0,0.0,0.0,0.0
2024-08-06,-0.17970300774916748,0.04451526369563245,0.0,1.3958320403837408,0.0,0.0,0.0,0.0
2024-08-07,-0.1665642859066443,0.2685826284539784,0.0,1.3958320403837408,-0.0,0.0,0.0,-0.0
2024-08-08,-0.18470487901635924,-0.03796557725608386,0.0,1.3958320403837408,0.0,0.0,0.0,0.0
2024-08-09,-0.18767072265506712,-0.08585582359809368,0.0,1.3958320403837408,0.0,0.0,0.0,0.0
2024-08-12,-0.16176387444186968,0.35481010926750556,0.0,1.3958320403837408,0.0,0.0,0.0,0.0
2024-08-13,-0.16216882097520902,0.34729573716321044,0.0,1.3958320403837408,0.0,0.0,0.0,0.0
2024-08-14,-0.18023268226668065,0.040466505389696324,0.0,1.3958320403837408,0.0,0.0,0.0,0.0
2024-08-16,-0.19955632997721473,-0.2851129562868034,0.0,1.3958320403837408,0.0,0.0,0.0,0.0
2024-08-19,-0.21959487028785762,-0.62217203562926,0.0,1.3958320403837408,0.0,0.0,0.0,0.0
2024-08-20,-0.22594839587193594,-0.7257218309391539,0.0,1.3958320403837408,0.0,0.0,0.0,0.0
2024-08-21,-0.2343565074932723,-0.863146159804406,0.0,1.3958320403837408,0.0,0.0,0.0,0.0
2024-08-22,-0.21506937175864937,-0.5305032775668116,0.0,1.3958320403837408,-0.0,0.0,0.0,-0.0
2024-08-23,-0.21290598158675422,-0.48951582310819447,0.0,1.3958320403837408,0.0,0.0,0.0,0.0
2024-08-26,-0.21739212989371648,-0.5620221378207234,0.0,1.3958320403837408,0.0,0.0,0.0,0.0
2024-08-27,-0.20306351968526215,-0.31501334503027756,0.0,1.3958320403837408,0.0,0.0,0.0,0.0
2024-08-28,-0.18550544789713186,-0.01333139573813598,0.0,1.3958320403837408,0.0,0.0,0.0,0.0
2024-08-29,-0.1902550155170557,-0.09023898428190412,0.0,1.3958320403837408,0.0,0.0,0.0,0.0
2024-08-30,-0.19783444774207126,-0.21456351012258096,0.0,1.3958320403837408,0.0,0.0,0.0,0.0
2024-09-02,-0.17713016433060513,0.14322609404758282,0.0,1.3958320403837408,-0.0,0.0,0.0,-0.0
2024-09-03,-0.18634766396987512,-0.009706407617297883,0.0,1.3958320403837408,-0.0,0.0,0.0,-0.0
2024-09-04,-0.1858024741963744,0.004302335443656136,0.0,1.3958320403837408,0.0,0.0,0.0,0.0
2024-09-05,-0.17922338765723467,0.12334087127664266,0.0,1.3958320403837408,-0.0,0.0,0.0,-0.0
2024-09-06,-0.18954658482461983,-0.049357424896502584,0.0,1.3958320403837408,-0.0,0.0,0.0,-0.0
2024-09-09,-0.19108266833654675,-0.07025244562102166,0.0,1.3958320403837408,0.0,0.0,0.0,0.0
2024-09-10,-0.1999801185403891,-0.21956118753110823,0.0,1.3958320403837408,-0.0,0.0,0.0,-0.0
2024-09-11,-0.1922524171993505,-0.07790597136601499,0.0,1.3958320403837408,0.0,0.0,0.0,0.0
2024-09-12,-0.18327349069820098,0.08788256524867631,0.0,1.3958320403837408,0.0,0.0,0.0,0.0
2024-09-13,-0.18804757580262432,0.010591878102963742,0.0,1.3958320403837408,0.0,0.0,0.0,0.0
2024-09-16,-0.1820004047374395,0.12613216884667608,0.0,1.3958320403837408,0.0,0.0,0.0,0.0
2024-09-17,-0.17846928676155915,0.197974410991467,0.0,1.3958320403837408,-0.0,0.0,0.0,-0.0
2024-09-18,-0.1595835106536576,0.5494312033481611,0.0,1.3958320403837408,0.0,0.0,0.0,0.0
2024-09-19,-0.14234931776441861,0.8708307738869482,0.0,1.3958320403837408,0.0,0.0,0.0,0.0
2024-09-20,-0.13261028062130276,1.0572567131566672,0.0,1.3958320403837408,-0.0,0.0,0.0,-0.0
2024-09-23,-0.1321494852848808,1.0708262352644549,0.0,1.3958320403837408,0.0,0.0,0.0,0.0
2024-09-24,-0.13193186553167813,1.0757030515441928,0.0,1.3958320403837408,0.0,0.0,0.0,0.0
2024-09-25,-0.13479835611305813,1.0243145524803243,0.0,1.3958320403837408,0.0,0.0,0.0,0.0
2024-09-26,-0.13797405176902444,0.9690515721978548,0.0,1.3958320403837408,0.0,0.0,0.0,0.0
2024-09-27,-0.13981715512973736,0.9367416923936144,0.0,1.3958320403837408,-0.0,0.0,0.0,-0.0
2024-09-30,-0.1432045228045462,0.8738146554699884,0.0,1.3958320403837408,0.0,0.0,0.0,0.0
2024-10-01,-0.13432201875819416,1.0376700565404273,0.0,1.3958320403837408,-0.0,0.0,0.0,-0.0
2024-10-03,-0.12201939465461997,1.265825326861099,0.0,1.3958320403837408,0.0,0.0,0.0,0.0
2024-10-04,-0.11544829161159598,1.3840019632713016,0.0,1.3958320403837408,0.0,0.0,0.0,0.0
2024-10-07,-0.11380955098446677,1.4088949481171622,0.0,1.3958320403837408,0.0,0.0,0.0,0.0
2024-10-08,-0.10005206053786875,1.6536777396520002,0.0,1.3958320403837408,0.0,0.0,0.0,0.0
2024-10-09,-0.09780054390702109,1.6834857113229613,0.0,1.3958320403837408,-0.0,0.0,0.0,-0.0
2024-10-10,-0.10682373804495349,1.5078340676388948,0.0,1.3958320403837408,0.0,0.0,0.0,0.0
2024-10-11,-0.07240674049308282,2.1225457404292003,-1.0,1.3958320403837408,-0.00689575691226373,1.0,0.0007,-0.00759575691226373
2024-10-14,-0.055954287076934506,2.3966281047667937,-1.0,1.3958320403837408,-0.002880922613304013,0.0,0.0,-0.002880922613304013
2024-10-15,-0.04903597922753633,2.4886155369091605,-1.0,1.3958320403837408,0.005258672679465268,0.0,0.0,0.005258672679465268
2024-10-16,-0.061818000014048025,2.2279395172637053,-1.0,1.3958320403837408,-0.008435339100364985,0.0,0.0,-0.008435339100364985
2024-10-17,-0.0419075032783196,2.547684629796253,-1.0,1.3958320403837408,0.02218724158598029,0.0,0.0,0.02218724158598029
2024-10-18,-0.0960828714615678,1.5755028111463165,-1.0,1.3958320403837408,-0.00014195034642337703,0.0,0.0,-0.00014195034642337703
2024-10-21,-0.09576863698720306,1.5708487597706682,-1.0,1.3958320403837408,-0.008930164933146537,0.0,0.0,-0.008930164933146537
2024-10-22,-0.07419818331231287,1.9300304246097222,-1.0,1.3958320403837408,0.0024491269016375513,0.0,0.0,0.0024491269016375513
2024-10-23,-0.0800240998280124,1.8157217772346597,-1.0,1.3958320403837408,-0.0003901195371695844,0.0,0.0,-0.0003901195371695844
2024-10-24,-0.07908962316333046,1.8138508794620856,-1.0,1.3958320403837408,0.0016801251305871494,0.0,0.0,0.0016801251305871494
2024-10-25,-0.08311120384668857,1.731242864147198,-1.0,1.3958320403837408,0.004041786739887781,0.0,0.0,0.004041786739887781
2024-10-28,-0.09274946187343236,1.5587888649283235,-1.0,1.3958320403837408,-0.0010789491280920925,0.0,0.0,-0.0010789491280920925
2024-10-29,-0.09015806067219678,1.5944626093214196,-1.0,1.3958320403837408,0.009785659469750812,0.0,0.0,0.009785659469750812
2024-10-30,-0.11380647835113233,1.1949007890228944,-1.0,1.3958320403837408,-0.006186176428875364,0.0,0.0,-0.006186176428875364
2024-10-31,-0.09872460959680485,1.4399399112671105,-1.0,1.3958320403837408,0.001457251656847128,0.0,0.0,0.001457251656847128
2024-11-01,-0.10220707055403988,1.377527799632654,-1.0,1.3958320403837408,-0.0035956904976682967,0.0,0.0,-0.0035956904976682967
2024-11-04,-0.09357592879079046,1.514670166229546,-1.0,1.3958320403837408,0.0032946891682832198,0.0,0.0,0.0032946891682832198
2024-11-05,-0.10148155800727121,1.3798761132094484,-1.0,1.3958320403837408,0.008153409839636992,0.0,0.0,0.008153409839636992
2024-11-06,-0.12056137087374985,1.0650056980761264,-1.0,1.3958320403837408,0.006309455119850702,0.0,0.0,0.006309455119850702
2024-11-07,-0.13573721413647633,0.8153849534892558,-1.0,1.3958320403837408,-0.006774550561962716,0.0,0.0,-0.006774550561962716
2024-11-08,-0.11961610650719212,1.0816685130374601,-1.0,1.3958320403837408,0.0003864917036011566,0.0,0.0,0.0003864917036011566
2024-11-11,-0.12056874919395888,1.0660323152646085,-1.0,1.3958320403837408,-0.002132727369815271,0.0,0.0,-0.002132727369815271
2024-11-12,-0.11546992997043937,1.1499480783190614,-1.0,1.3958320403837408,-0.00644120576691336,0.0,0.0,-0.00644120576691336
2024-11-13,-0.09994955493153146,1.407496001462606,-1.0,1.3958320403837408,0.00023532856849278305,0.0,0.0,0.00023532856849278305
2024-11-14,-0.10051468545501496,1.397338763007139,-1.0,1.3958320403837408,-0.005875698168844371,0.0,0.0,-0.005875698168844371
2024-11-18,-0.08618867223288351,1.6332266150934112,-1.0,1.3958320403837408,-0.00015849465887024213,0.0,0.0,-0.00015849465887024213
2024-11-19,-0.0858184614977171,1.6333511523016422,-1.0,1.3958320403837408,0.0026754946359823645,0.0,0.0,0.0026754946359823645
2024-11-21,-0.09219427235530997,1.5234170463641505,-1.0,1.3958320403837408,0.009047388183205574,0.0,0.0,0.009047388183205574
2024-11-22,-0.11333774334217672,1.1742162621935182,-1.0,1.3958320403837408,0.012430510794043573,0.0,0.0,0.012430510794043573
2024-11-25,-0.14295058913853875,0.6910680338660157,-1.0,1.3958320403837408,-0.002532676063228591,0.0,0.0,-0.002532676063228591
2024-11-26,-0.13699422192605404,0.792395520682661,-1.0,1.3958320403837408,-0.002773005014596952,0.0,0.0,-0.002773005014596952
2024-11-27,-0.1303355811787199,0.9032220572235266,-1.0,1.3958320403837408,0.002929015500641745,0.0,0.0,0.002929015500641745
2024-11-28,-0.1376999540701611,0.7824520288918979,-1.0,1.3958320403837408,0.0032918503990691846,0.0,0.0,0.0032918503990691846
2024-11-29,-0.1455609070120456,0.653514024952238,-1.0,1.3958320403837408,-0.004140181498500575,0.0,0.0,-0.004140181498500575
2024-12-02,-0.13570969143351785,0.8165919026236425,-1.0,1.3958320403837408,0.0008245545126668846,0.0,0.0,0.0008245545126668846
2024-12-03,-0.1376806100709782,0.785215624120823,-1.0,1.3958320403837408,0.007622288046284845,0.0,0.0,0.007622288046284845
2024-12-04,-0.15584369944371623,0.4881373436245098,0.0,1.3958320403837408,0.0,1.0,0.0007,-0.0007
2024-12-05,-0.16670765513984787,0.3131942213210664,0.0,1.3958320403837408,-0.0,0.0,0.0,-0.0
2024-12-06,-0.1673505636776449,0.3069167400769414,0.0,1.3958320403837408,0.0,0.0,0.0,0.0
2024-12-09,-0.16878706767430707,0.2869998009121204,0.0,1.3958320403837408,0.0,0.0,0.0,0.0
2024-12-10,-0.14976752628966583,0.6075106798105314,0.0,1.3958320403837408,0.0,0.0,0.0,0.0
2024-12-11,-0.13510815734372006,0.8539917995909354,0.0,1.3958320403837408,0.0,0.0,0.0,0.0
2024-12-12,-0.137263305214268,0.8205486807759471,0.0,1.3958320403837408,0.0,0.0,0.0,0.0
2024-12-13,-0.13681691125828976,0.828808051994373,0.0,1.3958320403837408,-0.0,0.0,0.0,-0.0
2024-12-16,-0.1282566151857516,0.9705534039490681,0.0,1.3958320403837408,-0.0,0.0,0.0,-0.0
2024-12-17,-0.10231827571639851,1.39902751065466,0.0,1.3958320403837408,0.0,0.0,0.0,0.0
2024-12-18,-0.10725515174005196,1.3105939529627681,0.0,1.3958320403837408,-0.0,0.0,0.0,-0.0
2024-12-19,-0.09944535673900301,1.4334531733269837,0.0,1.3958320403837408,-0.0,0.0,0.0,-0.0
2024-12-20,-0.07828090772021312,1.7719918101697107,0.0,1.3958320403837408,0.0,0.0,0.0,0.0
2024-12-23,-0.07314079631068182,1.8407568070677205,0.0,1.3958320403837408,0.0,0.0,0.0,0.0
2024-12-24,-0.08819566205043738,1.5794372094665554,0.0,1.3958320403837408,-0.0,0.0,0.0,-0.0
2024-12-26,-0.08558256982137014,1.6086790874327501,0.0,1.3958320403837408,0.0,0.0,0.0,0.0
2024-12-27,-0.07926901674226894,1.6961383228122664,0.0,1.3958320403837408,-0.0,0.0,0.0,-0.0
2024-12-30,-0.08286397671010803,1.623333010240892,0.0,1.3958320403837408,-0.0,0.0,0.0,-0.0
2024-12-31,-0.07495158766236898,1.7357171935461317,0.0,1.3958320403837408,0.0,0.0,0.0,0.0
