asset_a,asset_b,alpha,beta,adf_pvalue,return_correlation,phi,theta,mu,sigma,half_life,stationary_std,n_obs
INFY.NS,TCS.NS,-3.6303670624399595,1.3547236516368335,0.00020354569567587462,0.5841671870008553,0.9687341052379529,0.03176510594549144,-0.0036227634234177668,0.01935430032897748,21.821025302083928,0.07678693344298787,987
HDFCBANK.NS,TCS.NS,1.9307911338094677,0.5804668471605754,0.008797941379502083,0.24110508319376786,0.9717873020080019,0.028618323562050598,-0.005775334549360319,0.017620147882990895,24.220397783156486,0.07364995001736566,987
HINDALCO.NS,TATASTEEL.NS,2.3871251083186706,0.7805054121504158,0.013713624528498,0.7106326587974094,0.9758672737490659,0.024428691827727497,0.0057196322408269796,0.0192402597294884,28.374306141649257,0.08704540036202232,987
ICICIBANK.NS,TCS.NS,-1.1278228418957699,0.9461965647624577,0.029721741375831622,0.23076246730620784,0.9825360252805841,0.017618268958688517,-0.010431195101809178,0.02530895797913383,39.34252463651471,0.134827241487472,987
HDFCBANK.NS,INFY.NS,3.6014047139013936,0.41110542011401374,0.031424585792248445,0.2846050254522531,0.9796218903073117,0.02058860798463365,-0.004465490664820351,0.01668093574937834,33.66653933462996,0.0822038048302632,987
HDFCBANK.NS,ICICIBANK.NS,2.947671508930753,0.5596247798498729,0.056703347708761544,0.6008784023013337,0.974689226277961,0.025636601072421463,-0.00015602904140907703,0.0140126525906358,27.0374055672145,0.06188353787726204,987
MARUTI.NS,TATASTEEL.NS,8.274838863022852,0.14124208732338392,0.058614927612262,0.41464506156986236,0.9864942949807131,0.013597736627204801,-0.022812402588221526,0.019932508777311155,50.975187971590465,0.120868645039792,987
HDFCBANK.NS,HINDALCO.NS,4.343680821127939,0.36633589475058886,0.06279644162597706,0.42388000447490143,0.9884766963825065,0.011590211376206035,0.02392119869363598,0.01570103524447576,59.80453315829358,0.10312586691137941,987
ICICIBANK.NS,INFY.NS,1.534917713573299,0.6792529027029118,0.09040966234804876,0.2685993807040127,0.9863465985990204,0.013747466270836214,-0.0056409958433013925,0.023625052466855374,50.419994994305476,0.14247755456065964,987
HDFCBANK.NS,TATASTEEL.NS,5.252891782651555,0.27695860653380816,0.09372414099432985,0.38100817711156654,0.9899111634848251,0.010140073733536571,0.032925533435466,0.015851608615097445,68.35721305136853,0.11131092364828431,987
M&M.NS,MARUTI.NS,-4.863017492011127,1.2846046779900036,0.12108628222633261,0.5274423134734844,0.9840975466509935,0.016030254067812628,0.028028390749660712,0.02453721388782382,43.239937285318845,0.1370376959001969,987
HINDALCO.NS,TCS.NS,-1.0951008498655805,0.859131329851232,0.1527851374661252,0.285929956709856,0.992452760476511,0.00757586405075894,-0.05061344889752467,0.0268514124043005,91.49414191117998,0.21814037264787456,987
MARUTI.NS,TCS.NS,9.230861759832477,-0.05405431360420312,0.16973901546407577,0.2590896256661976,0.9877291090540075,0.012346799948209971,-0.013596270628776495,0.021433842514236058,56.13982436480938,0.1363979464581821,987
HINDALCO.NS,INFY.NS,0.9677528450988048,0.6703134522469033,0.17587136479123033,0.3231726948884855,0.9924023390707222,0.0076266701834697475,-0.04777654459058931,0.025930796534401047,90.88464085706647,0.20995845912327488,987
TATASTEEL.NS,TCS.NS,-4.067815031514143,1.0487334397399102,0.1926631388188344,0.25290522839228624,0.9942686873390191,0.0057477996583268345,-0.1065971004822191,0.027241477915171976,120.59348303063823,0.2540767095743261,987
INFY.NS,TATASTEEL.NS,4.208122708160913,0.6243734568618723,0.2183758424660201,0.2445960814724244,0.9945898730454225,0.005424814690372701,0.19626906955038162,0.021239974587741052,127.77343008417566,0.20391376399519504,987
M&M.NS,TATASTEEL.NS,4.99803372252129,0.3800334262136412,0.31820685597932996,0.4326925105655853,0.9924416342121358,0.00758707498913939,-0.008317410228258328,0.020077811882033954,91.35894683420938,0.16299121407535458,987
M&M.NS,TCS.NS,4.572692806408296,0.2505334733989781,0.33744406691764833,0.26316558240867716,0.9950105419104036,0.005001946994841927,-0.025613495834549437,0.021574713524974164,138.57547496499419,0.21570514165759067,987
ICICIBANK.NS,TATASTEEL.NS,4.275166834530707,0.45462063608823755,0.33892501105118894,0.46048855034616026,0.9943095547733751,0.0057066974944829894,0.11011059458940531,0.02098586225059719,121.46205072724683,0.1964352365512298,987
HINDALCO.NS,ICICIBANK.NS,0.3202393236978669,0.8431486392709894,0.38995084314094103,0.4878883360338584,0.9945776529534983,0.005437101329647248,-0.02931305259085487,0.02447560972682537,127.48469056119575,0.2347117374455886,987
HDFCBANK.NS,M&M.NS,4.4415166088266815,0.29116041523327263,0.485040403443654,0.45257216654034343,0.9948286843548765,0.005184733175386567,0.08628999009285533,0.015323653763784088,133.69003902660143,0.15048185192092747,987
HDFCBANK.NS,MARUTI.NS,5.4968468808992785,0.09389159768018243,0.5380172091665569,0.4620782804891372,0.995395522451019,0.004615110808689418,0.11140064516792048,0.016307510710080603,150.19079915803422,0.16973898784458996,987
HINDALCO.NS,M&M.NS,-2.1171191192038115,1.1633281434055,0.6109564146615118,0.4544691488906942,0.9949334211287884,0.005079457500751938,0.08073573767820758,0.027729666927839,136.46086820439686,0.27511925691202355,987
ICICIBANK.NS,MARUTI.NS,7.342452975651622,-0.1481854725960668,0.8063972734288452,0.468414190501264,0.9976358970498556,0.0023669018536580733,0.3619783646511424,0.02534181576062521,292.84998847277024,0.3683261949347049,987
ICICIBANK.NS,M&M.NS,4.272796223614828,0.27242688350426686,0.828044747985393,0.45445366600027753,0.9978992754291507,0.002102934187783991,0.40321744722754677,0.021605749727930553,329.6095448856452,0.3331512925194395,987
HINDALCO.NS,MARUTI.NS,-4.746345876985199,1.1511637900696055,0.8691119977181858,0.47004363338383387,0.9985922937530795,0.0014086979961963897,0.606638483410143,0.026456421642383383,492.0481057199659,0.49843342351006437,987
INFY.NS,M&M.NS,2.974005612402815,0.5644109449496644,0.9010304831437974,0.23786103369511466,0.9987885193248376,0.0012122151111054504,1.1025313688067682,0.01966186868164593,571.8021283597483,0.39931897403703787,987
INFY.NS,MARUTI.NS,7.851637754848974,-0.1390077920327984,0.9730952546182106,0.2528803831705915,0.9999536441852895,4.635688917444765e-05,30.05631358556301,0.019410006753289848,14952.409294582572,2.0158283393853607,987
